Found 1242 mutants to test
FAILED   Unmutated baseline in 49s build

*** baseline

*** /home/jules/.rustup/toolchains/stable-x86_64-unknown-linux-gnu/bin/cargo test --no-run --verbose --package=logos-cli@0.1.0 --package=logos-core@0.1.0 --package=logos-import@0.1.0 --package=logos-reporting@0.1.0 --package=logos-store-aletheia@0.1.0 --package=logos-tui@0.1.0
    Updating crates.io index
 Downloading crates ...
  Downloaded allocator-api2 v0.2.21
  Downloaded alloc-stdlib v0.2.2
  Downloaded atomic-waker v1.1.2
  Downloaded array-init-cursor v0.2.1
  Downloaded arrayref v0.3.9
  Downloaded psm v0.1.30
  Downloaded async-stream v0.3.6
  Downloaded rand_core v0.6.4
  Downloaded cpufeatures v0.2.17
  Downloaded home v0.5.12
  Downloaded now v0.1.3
  Downloaded futures-macro v0.3.32
  Downloaded rand_chacha v0.3.1
  Downloaded document-features v0.2.12
  Downloaded fallible-streaming-iterator v0.1.9
  Downloaded phf_shared v0.12.1
  Downloaded recursive-proc-macro-impl v0.1.1
  Downloaded futures-io v0.3.32
  Downloaded shlex v1.3.0
  Downloaded tinyvec_macros v0.1.1
  Downloaded phf v0.12.1
  Downloaded polars-row v0.46.0
  Downloaded version_check v0.9.5
  Downloaded streaming-decompression v0.1.2
  Downloaded zstd-safe v7.2.4
  Downloaded streaming-iterator v0.1.9
  Downloaded crossbeam-channel v0.5.15
  Downloaded uuid v1.21.0
  Downloaded rayon-core v1.13.0
  Downloaded polars-parquet v0.46.0
  Downloaded unicode-segmentation v1.12.0
  Downloaded unicode-normalization v0.1.25
  Downloaded tokio-util v0.7.18
  Downloaded rayon v1.11.0
  Downloaded chrono v0.4.43
  Downloaded brotli-decompressor v4.0.3
  Downloaded zlib-rs v0.6.0
  Downloaded sysinfo v0.33.1
  Downloaded zerocopy v0.8.39
  Downloaded object v0.37.3
  Downloaded sqlparser v0.53.0
  Downloaded polars-core v0.46.0
  Downloaded lz4-sys v1.11.1+lz4-1.10.0
  Downloaded polars-plan v0.46.0
  Downloaded polars-arrow v0.46.0
  Downloaded blake3 v1.8.3
  Downloaded rustix v1.1.3
  Downloaded raw-cpuid v11.6.0
  Downloaded futures-util v0.3.32
  Downloaded polars-ops v0.46.0
  Downloaded polars-io v0.46.0
  Downloaded libm v0.2.16
  Downloaded hashbrown v0.15.5
  Downloaded hashbrown v0.14.5
  Downloaded crossterm v0.29.0
  Downloaded tinyvec v1.10.0
  Downloaded socket2 v0.6.2
  Downloaded slotmap v1.1.1
  Downloaded ryu v1.0.23
  Downloaded rand_distr v0.4.3
  Downloaded polars-stream v0.46.0
  Downloaded polars v0.46.0
  Downloaded static_assertions v1.1.0
  Downloaded chrono-tz v0.10.4
  Downloaded snap v1.1.1
  Downloaded zstd-sys v2.0.16+zstd.1.5.7
  Downloaded rand v0.8.5
  Downloaded polars-lazy v0.46.0
  Downloaded mio v1.1.1
  Downloaded tokio v1.49.0
  Downloaded flate2 v1.1.9
  Downloaded cc v1.2.56
  Downloaded bytes v1.11.1
  Downloaded base64 v0.22.1
  Downloaded ar_archive_writer v0.5.1
  Downloaded zstd v0.13.3
  Downloaded xxhash-rust v0.8.15
  Downloaded strength_reduce v0.2.4
  Downloaded stacker v0.1.23
  Downloaded slab v0.4.12
  Downloaded simdutf8 v0.1.5
  Downloaded polars-sql v0.46.0
  Downloaded polars-pipe v0.46.0
  Downloaded polars-expr v0.46.0
  Downloaded polars-compute v0.46.0
  Downloaded fast-float2 v0.2.3
  Downloaded ethnum v1.5.2
  Downloaded compact_str v0.8.1
  Downloaded comfy-table v7.2.2
  Downloaded bytemuck v1.25.0
  Downloaded argminmax v0.6.3
  Downloaded polars-time v0.46.0
  Downloaded polars-parquet-format v0.1.0
  Downloaded brotli v7.0.0
  Downloaded polars-mem-engine v0.46.0
  Downloaded polars-arrow-format v0.1.0
  Downloaded pin-project-lite v0.2.16
  Downloaded num-traits v0.2.19
  Downloaded memmap2 v0.9.10
  Downloaded litrs v1.0.0
  Downloaded getrandom v0.3.4
  Downloaded futures v0.3.32
  Downloaded unicode-reverse v1.0.9
  Downloaded polars-utils v0.46.0
  Downloaded parking_lot_core v0.9.12
  Downloaded parking_lot v0.12.5
  Downloaded iana-time-zone v0.1.65
  Downloaded futures-channel v0.3.32
  Downloaded getrandom v0.2.17
  Downloaded foldhash v0.1.5
  Downloaded find-msvc-tools v0.1.9
  Downloaded futures-executor v0.3.32
  Downloaded enum_dispatch v0.3.13
  Downloaded bytemuck_derive v1.10.2
  Downloaded ahash v0.8.12
  Downloaded siphasher v1.0.2
  Downloaded ppv-lite86 v0.2.21
  Downloaded planus v0.3.1
  Downloaded pkg-config v0.3.32
  Downloaded lock_api v0.4.14
  Downloaded glob v0.3.3
  Downloaded constant_time_eq v0.4.2
  Downloaded autocfg v1.5.0
  Downloaded scopeguard v1.2.0
  Downloaded polars-error v0.46.0
  Downloaded futures-task v0.3.32
  Downloaded recursive v0.1.1
  Downloaded lz4 v1.28.1
  Downloaded async-trait v0.1.89
  Downloaded crossbeam-queue v0.3.12
  Downloaded atoi_simd v0.16.1
  Downloaded arrayvec v0.7.6
  Downloaded polars-schema v0.46.0
  Downloaded percent-encoding v2.3.2
  Downloaded hex v0.4.3
  Downloaded futures-sink v0.3.32
  Downloaded futures-core v0.3.32
  Downloaded debug_unsafe v0.1.3
  Downloaded castaway v0.2.4
  Downloaded alloc-no-stdlib v2.0.4
  Downloaded async-stream-impl v0.3.6
  Downloaded linux-raw-sys v0.11.0
   Compiling libc v0.2.182
   Compiling find-msvc-tools v0.1.9
   Compiling shlex v1.3.0
   Compiling version_check v0.9.5
   Compiling proc-macro2 v1.0.106
     Running `/home/jules/.rustup/toolchains/stable-x86_64-unknown-linux-gnu/bin/rustc --crate-name build_script_build --edition=2021 /home/jules/.cargo/registry/src/index.crates.io-1949cf8c6b5b557f/libc-0.2.182/build.rs --error-format=json --json=diagnostic-rendered-ansi,artifacts,future-incompat --crate-type bin --emit=dep-info,link -C embed-bitcode=no '--allow=clippy::used_underscore_binding' --allow=unused_qualifications '--warn=clippy::unnecessary_semicolon' '--allow=clippy::unnecessary_cast' '--allow=clippy::uninlined_format_args' '--warn=clippy::ptr_as_ptr' '--allow=clippy::non_minimal_cfg' '--allow=clippy::missing_safety_doc' '--warn=clippy::map_unwrap_or' '--warn=clippy::manual_assert' '--allow=clippy::identity_op' '--warn=clippy::explicit_iter_loop' '--allow=clippy::expl_impl_clone_on_copy' --cfg 'feature="default"' --cfg 'feature="std"' --check-cfg 'cfg(docsrs,test)' --check-cfg 'cfg(feature, values("align", "const-extern-fn", "default", "extra_traits", "rustc-dep-of-std", "rustc-std-workspace-core", "std", "use_std"))' -C metadata=d3f2bbd33a5d817d -C extra-filename=-8ca02912241efd47 --out-dir /tmp/cargo-mutants-app-5Mc7Jj.tmp/target/debug/build/libc-8ca02912241efd47 -L dependency=/tmp/cargo-mutants-app-5Mc7Jj.tmp/target/debug/deps --cap-lints allow`
     Running `/home/jules/.rustup/toolchains/stable-x86_64-unknown-linux-gnu/bin/rustc --crate-name find_msvc_tools --edition=2018 /home/jules/.cargo/registry/src/index.crates.io-1949cf8c6b5b557f/find-msvc-tools-0.1.9/src/lib.rs --error-format=json --json=diagnostic-rendered-ansi,artifacts,future-incompat --crate-type lib --emit=dep-info,metadata,link -C embed-bitcode=no --allow=unexpected_cfgs --check-cfg 'cfg(disable_clang_cl_tests)' --check-cfg 'cfg(docsrs,test)' --check-cfg 'cfg(feature, values())' -C metadata=03b5d91311114317 -C extra-filename=-ef29dcd9f97b56f5 --out-dir /tmp/cargo-mutants-app-5Mc7Jj.tmp/target/debug/deps -L dependency=/tmp/cargo-mutants-app-5Mc7Jj.tmp/target/debug/deps --cap-lints allow`
     Running `/home/jules/.rustup/toolchains/stable-x86_64-unknown-linux-gnu/bin/rustc --crate-name version_check --edition=2015 /home/jules/.cargo/registry/src/index.crates.io-1949cf8c6b5b557f/version_check-0.9.5/src/lib.rs --error-format=json --json=diagnostic-rendered-ansi,artifacts,future-incompat --crate-type lib --emit=dep-info,metadata,link -C embed-bitcode=no --check-cfg 'cfg(docsrs,test)' --check-cfg 'cfg(feature, values())' -C metadata=8a901e18191aa009 -C extra-filename=-e67c589c3c1ced77 --out-dir /tmp/cargo-mutants-app-5Mc7Jj.tmp/target/debug/deps -L dependency=/tmp/cargo-mutants-app-5Mc7Jj.tmp/target/debug/deps --cap-lints allow`
     Running `/home/jules/.rustup/toolchains/stable-x86_64-unknown-linux-gnu/bin/rustc --crate-name shlex --edition=2015 /home/jules/.cargo/registry/src/index.crates.io-1949cf8c6b5b557f/shlex-1.3.0/src/lib.rs --error-format=json --json=diagnostic-rendered-ansi,artifacts,future-incompat --crate-type lib --emit=dep-info,metadata,link -C embed-bitcode=no --cfg 'feature="default"' --cfg 'feature="std"' --check-cfg 'cfg(docsrs,test)' --check-cfg 'cfg(feature, values("default", "std"))' -C metadata=50105b565277486f -C extra-filename=-3b90976fe851454e --out-dir /tmp/cargo-mutants-app-5Mc7Jj.tmp/target/debug/deps -L dependency=/tmp/cargo-mutants-app-5Mc7Jj.tmp/target/debug/deps --cap-lints allow`
     Running `/home/jules/.rustup/toolchains/stable-x86_64-unknown-linux-gnu/bin/rustc --crate-name build_script_build --edition=2021 /home/jules/.cargo/registry/src/index.crates.io-1949cf8c6b5b557f/proc-macro2-1.0.106/build.rs --error-format=json --json=diagnostic-rendered-ansi,artifacts,future-incompat --crate-type bin --emit=dep-info,link -C embed-bitcode=no --cfg 'feature="default"' --cfg 'feature="proc-macro"' --check-cfg 'cfg(docsrs,test)' --check-cfg 'cfg(feature, values("default", "nightly", "proc-macro", "span-locations"))' -C metadata=1254e200f3d70829 -C extra-filename=-94cad8ea6a6e7259 --out-dir /tmp/cargo-mutants-app-5Mc7Jj.tmp/target/debug/build/proc-macro2-94cad8ea6a6e7259 -L dependency=/tmp/cargo-mutants-app-5Mc7Jj.tmp/target/debug/deps --cap-lints allow`
   Compiling quote v1.0.44
     Running `/home/jules/.rustup/toolchains/stable-x86_64-unknown-linux-gnu/bin/rustc --crate-name build_script_build --edition=2021 /home/jules/.cargo/registry/src/index.crates.io-1949cf8c6b5b557f/quote-1.0.44/build.rs --error-format=json --json=diagnostic-rendered-ansi,artifacts,future-incompat --crate-type bin --emit=dep-info,link -C embed-bitcode=no --cfg 'feature="default"' --cfg 'feature="proc-macro"' --check-cfg 'cfg(docsrs,test)' --check-cfg 'cfg(feature, values("default", "proc-macro"))' -C metadata=596c1f5340b7b60b -C extra-filename=-03f50ba57a10a480 --out-dir /tmp/cargo-mutants-app-5Mc7Jj.tmp/target/debug/build/quote-03f50ba57a10a480 -L dependency=/tmp/cargo-mutants-app-5Mc7Jj.tmp/target/debug/deps --cap-lints allow`
   Compiling unicode-ident v1.0.24
     Running `/home/jules/.rustup/toolchains/stable-x86_64-unknown-linux-gnu/bin/rustc --crate-name unicode_ident --edition=2021 /home/jules/.cargo/registry/src/index.crates.io-1949cf8c6b5b557f/unicode-ident-1.0.24/src/lib.rs --error-format=json --json=diagnostic-rendered-ansi,artifacts,future-incompat --crate-type lib --emit=dep-info,metadata,link -C embed-bitcode=no --check-cfg 'cfg(docsrs,test)' --check-cfg 'cfg(feature, values())' -C metadata=5347566816eb0cb7 -C extra-filename=-61533c72d8f4e5f7 --out-dir /tmp/cargo-mutants-app-5Mc7Jj.tmp/target/debug/deps -L dependency=/tmp/cargo-mutants-app-5Mc7Jj.tmp/target/debug/deps --cap-lints allow`
   Compiling cfg-if v1.0.4
     Running `/home/jules/.rustup/toolchains/stable-x86_64-unknown-linux-gnu/bin/rustc --crate-name cfg_if --edition=2018 /home/jules/.cargo/registry/src/index.crates.io-1949cf8c6b5b557f/cfg-if-1.0.4/src/lib.rs --error-format=json --json=diagnostic-rendered-ansi,artifacts,future-incompat --crate-type lib --emit=dep-info,metadata,link -C embed-bitcode=no -C debuginfo=2 --check-cfg 'cfg(docsrs,test)' --check-cfg 'cfg(feature, values("core", "rustc-dep-of-std"))' -C metadata=1240662a5bffc1fe -C extra-filename=-2d20780be38939e6 --out-dir /tmp/cargo-mutants-app-5Mc7Jj.tmp/target/debug/deps -L dependency=/tmp/cargo-mutants-app-5Mc7Jj.tmp/target/debug/deps --cap-lints allow`
     Running `/tmp/cargo-mutants-app-5Mc7Jj.tmp/target/debug/build/quote-03f50ba57a10a480/build-script-build`
     Running `/tmp/cargo-mutants-app-5Mc7Jj.tmp/target/debug/build/libc-8ca02912241efd47/build-script-build`
     Running `/tmp/cargo-mutants-app-5Mc7Jj.tmp/target/debug/build/proc-macro2-94cad8ea6a6e7259/build-script-build`
   Compiling logos-core v0.1.0 (/tmp/cargo-mutants-app-5Mc7Jj.tmp/crates/logos-core)
   Compiling serde_core v1.0.228
     Running `/home/jules/.rustup/toolchains/stable-x86_64-unknown-linux-gnu/bin/rustc --crate-name build_script_build --edition=2021 /home/jules/.cargo/registry/src/index.crates.io-1949cf8c6b5b557f/serde_core-1.0.228/build.rs --error-format=json --json=diagnostic-rendered-ansi,artifacts,future-incompat --crate-type bin --emit=dep-info,link -C embed-bitcode=no --cfg 'feature="alloc"' --cfg 'feature="result"' --cfg 'feature="std"' --check-cfg 'cfg(docsrs,test)' --check-cfg 'cfg(feature, values("alloc", "default", "rc", "result", "std", "unstable"))' -C metadata=1cf9533ab6ab4f03 -C extra-filename=-4b6b5d3d504b832f --out-dir /tmp/cargo-mutants-app-5Mc7Jj.tmp/target/debug/build/serde_core-4b6b5d3d504b832f -L dependency=/tmp/cargo-mutants-app-5Mc7Jj.tmp/target/debug/deps --cap-lints allow`
     Running `/home/jules/.rustup/toolchains/stable-x86_64-unknown-linux-gnu/bin/rustc --crate-name logos_core --edition=2024 crates/logos-core/src/lib.rs --error-format=json --json=diagnostic-rendered-ansi,artifacts,future-incompat --crate-type lib --emit=dep-info,metadata,link -C embed-bitcode=no -C debuginfo=2 --warn=unsafe_code '--warn=clippy::pedantic' '--warn=clippy::nursery' '--warn=clippy::all' --check-cfg 'cfg(docsrs,test)' --check-cfg 'cfg(feature, values())' -C metadata=c662bac9b55b4992 -C extra-filename=-f89c9004a240b03f --out-dir /tmp/cargo-mutants-app-5Mc7Jj.tmp/target/debug/deps -C incremental=/tmp/cargo-mutants-app-5Mc7Jj.tmp/target/debug/incremental -L dependency=/tmp/cargo-mutants-app-5Mc7Jj.tmp/target/debug/deps`
     Running `/home/jules/.rustup/toolchains/stable-x86_64-unknown-linux-gnu/bin/rustc --crate-name libc --edition=2021 /home/jules/.cargo/registry/src/index.crates.io-1949cf8c6b5b557f/libc-0.2.182/src/lib.rs --error-format=json --json=diagnostic-rendered-ansi,artifacts,future-incompat --crate-type lib --emit=dep-info,metadata,link -C embed-bitcode=no -C debuginfo=2 '--allow=clippy::used_underscore_binding' --allow=unused_qualifications '--warn=clippy::unnecessary_semicolon' '--allow=clippy::unnecessary_cast' '--allow=clippy::uninlined_format_args' '--warn=clippy::ptr_as_ptr' '--allow=clippy::non_minimal_cfg' '--allow=clippy::missing_safety_doc' '--warn=clippy::map_unwrap_or' '--warn=clippy::manual_assert' '--allow=clippy::identity_op' '--warn=clippy::explicit_iter_loop' '--allow=clippy::expl_impl_clone_on_copy' --cfg 'feature="default"' --cfg 'feature="std"' --check-cfg 'cfg(docsrs,test)' --check-cfg 'cfg(feature, values("align", "const-extern-fn", "default", "extra_traits", "rustc-dep-of-std", "rustc-std-workspace-core", "std", "use_std"))' -C metadata=c20ff996d67f5116 -C extra-filename=-c3bf4cf3553bb91d --out-dir /tmp/cargo-mutants-app-5Mc7Jj.tmp/target/debug/deps -L dependency=/tmp/cargo-mutants-app-5Mc7Jj.tmp/target/debug/deps --cap-lints allow --cfg freebsd12 --check-cfg 'cfg(emscripten_old_stat_abi)' --check-cfg 'cfg(espidf_time32)' --check-cfg 'cfg(freebsd10)' --check-cfg 'cfg(freebsd11)' --check-cfg 'cfg(freebsd12)' --check-cfg 'cfg(freebsd13)' --check-cfg 'cfg(freebsd14)' --check-cfg 'cfg(freebsd15)' --check-cfg 'cfg(gnu_file_offset_bits64)' --check-cfg 'cfg(gnu_time_bits64)' --check-cfg 'cfg(libc_deny_warnings)' --check-cfg 'cfg(linux_time_bits64)' --check-cfg 'cfg(musl_v1_2_3)' --check-cfg 'cfg(musl32_time64)' --check-cfg 'cfg(vxworks_lt_25_09)' --check-cfg 'cfg(target_os,values("switch","aix","ohos","hurd","rtems","visionos","nuttx","cygwin","qurt"))' --check-cfg 'cfg(target_env,values("illumos","wasi","aix","ohos","nto71_iosock","nto80"))' --check-cfg 'cfg(target_arch,values("loongarch64","mips32r6","mips64r6","csky"))'`
   Compiling crossbeam-utils v0.8.21
     Running `/home/jules/.rustup/toolchains/stable-x86_64-unknown-linux-gnu/bin/rustc --crate-name build_script_build --edition=2021 /home/jules/.cargo/registry/src/index.crates.io-1949cf8c6b5b557f/crossbeam-utils-0.8.21/build.rs --error-format=json --json=diagnostic-rendered-ansi,artifacts,future-incompat --crate-type bin --emit=dep-info,link -C embed-bitcode=no --warn=unexpected_cfgs '--allow=clippy::lint_groups_priority' '--allow=clippy::declare_interior_mutable_const' --check-cfg 'cfg(crossbeam_loom)' --check-cfg 'cfg(crossbeam_sanitize)' --cfg 'feature="default"' --cfg 'feature="std"' --check-cfg 'cfg(docsrs,test)' --check-cfg 'cfg(feature, values("default", "loom", "nightly", "std"))' -C metadata=8bb67c0dc870972d -C extra-filename=-3facd263110404aa --out-dir /tmp/cargo-mutants-app-5Mc7Jj.tmp/target/debug/build/crossbeam-utils-3facd263110404aa -L dependency=/tmp/cargo-mutants-app-5Mc7Jj.tmp/target/debug/deps --cap-lints allow`
     Running `/home/jules/.rustup/toolchains/stable-x86_64-unknown-linux-gnu/bin/rustc --crate-name proc_macro2 --edition=2021 /home/jules/.cargo/registry/src/index.crates.io-1949cf8c6b5b557f/proc-macro2-1.0.106/src/lib.rs --error-format=json --json=diagnostic-rendered-ansi,artifacts,future-incompat --crate-type lib --emit=dep-info,metadata,link -C embed-bitcode=no --cfg 'feature="default"' --cfg 'feature="proc-macro"' --check-cfg 'cfg(docsrs,test)' --check-cfg 'cfg(feature, values("default", "nightly", "proc-macro", "span-locations"))' -C metadata=d67db07674d5a564 -C extra-filename=-00cf4115453f001d --out-dir /tmp/cargo-mutants-app-5Mc7Jj.tmp/target/debug/deps -L dependency=/tmp/cargo-mutants-app-5Mc7Jj.tmp/target/debug/deps --extern unicode_ident=/tmp/cargo-mutants-app-5Mc7Jj.tmp/target/debug/deps/libunicode_ident-61533c72d8f4e5f7.rmeta --cap-lints allow --cfg wrap_proc_macro --cfg proc_macro_span_location --cfg proc_macro_span_file --check-cfg 'cfg(fuzzing)' --check-cfg 'cfg(no_is_available)' --check-cfg 'cfg(no_literal_byte_character)' --check-cfg 'cfg(no_literal_c_string)' --check-cfg 'cfg(no_source_text)' --check-cfg 'cfg(proc_macro_span)' --check-cfg 'cfg(proc_macro_span_file)' --check-cfg 'cfg(proc_macro_span_location)' --check-cfg 'cfg(procmacro2_backtrace)' --check-cfg 'cfg(procmacro2_build_probe)' --check-cfg 'cfg(procmacro2_nightly_testing)' --check-cfg 'cfg(procmacro2_semver_exempt)' --check-cfg 'cfg(randomize_layout)' --check-cfg 'cfg(span_locations)' --check-cfg 'cfg(super_unstable)' --check-cfg 'cfg(wrap_proc_macro)'`
     Running `/tmp/cargo-mutants-app-5Mc7Jj.tmp/target/debug/build/serde_core-4b6b5d3d504b832f/build-script-build`
     Running `/tmp/cargo-mutants-app-5Mc7Jj.tmp/target/debug/build/crossbeam-utils-3facd263110404aa/build-script-build`
   Compiling object v0.37.3
     Running `/home/jules/.rustup/toolchains/stable-x86_64-unknown-linux-gnu/bin/rustc --crate-name build_script_build --edition=2018 /home/jules/.cargo/registry/src/index.crates.io-1949cf8c6b5b557f/object-0.37.3/build.rs --error-format=json --json=diagnostic-rendered-ansi,artifacts,future-incompat --crate-type bin --emit=dep-info,link -C embed-bitcode=no '--allow=clippy::uninlined_format_args' '--allow=clippy::type_complexity' '--allow=clippy::single_match' '--allow=clippy::should_implement_trait' '--allow=clippy::result_unit_err' '--allow=clippy::needless_lifetimes' '--allow=clippy::match_like_matches_macro' '--allow=clippy::manual_flatten' '--allow=clippy::field_reassign_with_default' '--allow=clippy::comparison_chain' '--allow=clippy::collapsible_match' '--allow=clippy::collapsible_if' '--allow=clippy::collapsible_else_if' --cfg 'feature="archive"' --cfg 'feature="coff"' --cfg 'feature="elf"' --cfg 'feature="macho"' --cfg 'feature="pe"' --cfg 'feature="read"' --cfg 'feature="read_core"' --cfg 'feature="std"' --cfg 'feature="unaligned"' --cfg 'feature="xcoff"' --check-cfg 'cfg(docsrs,test)' --check-cfg 'cfg(feature, values("all", "alloc", "archive", "build", "build_core", "cargo-all", "coff", "compression", "core", "default", "doc", "elf", "macho", "pe", "read", "read_core", "rustc-dep-of-std", "std", "unaligned", "unstable", "unstable-all", "wasm", "write", "write_core", "write_std", "xcoff"))' -C metadata=2960d09f3b4bad91 -C extra-filename=-84cf97e7179f1190 --out-dir /tmp/cargo-mutants-app-5Mc7Jj.tmp/target/debug/build/object-84cf97e7179f1190 -L dependency=/tmp/cargo-mutants-app-5Mc7Jj.tmp/target/debug/deps --cap-lints allow`
     Running `/home/jules/.rustup/toolchains/stable-x86_64-unknown-linux-gnu/bin/rustc --crate-name serde_core --edition=2021 /home/jules/.cargo/registry/src/index.crates.io-1949cf8c6b5b557f/serde_core-1.0.228/src/lib.rs --error-format=json --json=diagnostic-rendered-ansi,artifacts,future-incompat --crate-type lib --emit=dep-info,metadata,link -C embed-bitcode=no -C debuginfo=2 --cfg 'feature="alloc"' --cfg 'feature="result"' --cfg 'feature="std"' --check-cfg 'cfg(docsrs,test)' --check-cfg 'cfg(feature, values("alloc", "default", "rc", "result", "std", "unstable"))' -C metadata=430fd7d40d253f2b -C extra-filename=-d4a722a22773e376 --out-dir /tmp/cargo-mutants-app-5Mc7Jj.tmp/target/debug/deps -L dependency=/tmp/cargo-mutants-app-5Mc7Jj.tmp/target/debug/deps --cap-lints allow --check-cfg 'cfg(if_docsrs_then_no_serde_core)' --check-cfg 'cfg(no_core_cstr)' --check-cfg 'cfg(no_core_error)' --check-cfg 'cfg(no_core_net)' --check-cfg 'cfg(no_core_num_saturating)' --check-cfg 'cfg(no_diagnostic_namespace)' --check-cfg 'cfg(no_serde_derive)' --check-cfg 'cfg(no_std_atomic)' --check-cfg 'cfg(no_std_atomic64)' --check-cfg 'cfg(no_target_has_atomic)'`
   Compiling autocfg v1.5.0
     Running `/home/jules/.rustup/toolchains/stable-x86_64-unknown-linux-gnu/bin/rustc --crate-name autocfg --edition=2015 /home/jules/.cargo/registry/src/index.crates.io-1949cf8c6b5b557f/autocfg-1.5.0/src/lib.rs --error-format=json --json=diagnostic-rendered-ansi,artifacts,future-incompat --crate-type lib --emit=dep-info,metadata,link -C embed-bitcode=no --check-cfg 'cfg(docsrs,test)' --check-cfg 'cfg(feature, values())' -C metadata=3504f85799756c67 -C extra-filename=-38d501c17e68b38c --out-dir /tmp/cargo-mutants-app-5Mc7Jj.tmp/target/debug/deps -L dependency=/tmp/cargo-mutants-app-5Mc7Jj.tmp/target/debug/deps --cap-lints allow`
   Compiling serde v1.0.228
     Running `/home/jules/.rustup/toolchains/stable-x86_64-unknown-linux-gnu/bin/rustc --crate-name build_script_build --edition=2021 /home/jules/.cargo/registry/src/index.crates.io-1949cf8c6b5b557f/serde-1.0.228/build.rs --error-format=json --json=diagnostic-rendered-ansi,artifacts,future-incompat --crate-type bin --emit=dep-info,link -C embed-bitcode=no --cfg 'feature="alloc"' --cfg 'feature="derive"' --cfg 'feature="serde_derive"' --cfg 'feature="std"' --check-cfg 'cfg(docsrs,test)' --check-cfg 'cfg(feature, values("alloc", "default", "derive", "rc", "serde_derive", "std", "unstable"))' -C metadata=ed0f122ff1ed3512 -C extra-filename=-a778e264e4c79c35 --out-dir /tmp/cargo-mutants-app-5Mc7Jj.tmp/target/debug/build/serde-a778e264e4c79c35 -L dependency=/tmp/cargo-mutants-app-5Mc7Jj.tmp/target/debug/deps --cap-lints allow`
     Running `/home/jules/.rustup/toolchains/stable-x86_64-unknown-linux-gnu/bin/rustc --crate-name quote --edition=2021 /home/jules/.cargo/registry/src/index.crates.io-1949cf8c6b5b557f/quote-1.0.44/src/lib.rs --error-format=json --json=diagnostic-rendered-ansi,artifacts,future-incompat --crate-type lib --emit=dep-info,metadata,link -C embed-bitcode=no --cfg 'feature="default"' --cfg 'feature="proc-macro"' --check-cfg 'cfg(docsrs,test)' --check-cfg 'cfg(feature, values("default", "proc-macro"))' -C metadata=1ef0129bb97ae4fb -C extra-filename=-39b5d25cd1a71316 --out-dir /tmp/cargo-mutants-app-5Mc7Jj.tmp/target/debug/deps -L dependency=/tmp/cargo-mutants-app-5Mc7Jj.tmp/target/debug/deps --extern proc_macro2=/tmp/cargo-mutants-app-5Mc7Jj.tmp/target/debug/deps/libproc_macro2-00cf4115453f001d.rmeta --cap-lints allow --check-cfg 'cfg(no_diagnostic_namespace)'`
   Compiling zerocopy v0.8.39
     Running `/home/jules/.rustup/toolchains/stable-x86_64-unknown-linux-gnu/bin/rustc --crate-name build_script_build --edition=2021 /home/jules/.cargo/registry/src/index.crates.io-1949cf8c6b5b557f/zerocopy-0.8.39/build.rs --error-format=json --json=diagnostic-rendered-ansi,artifacts,future-incompat --crate-type bin --emit=dep-info,link -C embed-bitcode=no --cfg 'feature="simd"' --check-cfg 'cfg(docsrs,test)' --check-cfg 'cfg(feature, values("__internal_use_only_features_that_work_on_stable", "alloc", "derive", "float-nightly", "simd", "simd-nightly", "std", "zerocopy-derive"))' -C metadata=89fa9564069a3049 -C extra-filename=-520ef44f7eec1f5c --out-dir /tmp/cargo-mutants-app-5Mc7Jj.tmp/target/debug/build/zerocopy-520ef44f7eec1f5c -L dependency=/tmp/cargo-mutants-app-5Mc7Jj.tmp/target/debug/deps --cap-lints allow`
     Running `/tmp/cargo-mutants-app-5Mc7Jj.tmp/target/debug/build/serde-a778e264e4c79c35/build-script-build`
   Compiling num-traits v0.2.19
     Running `/home/jules/.rustup/toolchains/stable-x86_64-unknown-linux-gnu/bin/rustc --crate-name build_script_build --edition=2021 /home/jules/.cargo/registry/src/index.crates.io-1949cf8c6b5b557f/num-traits-0.2.19/build.rs --error-format=json --json=diagnostic-rendered-ansi,artifacts,future-incompat --crate-type bin --emit=dep-info,link -C embed-bitcode=no --cfg 'feature="default"' --cfg 'feature="std"' --check-cfg 'cfg(docsrs,test)' --check-cfg 'cfg(feature, values("default", "i128", "libm", "std"))' -C metadata=3fe686514619e514 -C extra-filename=-f14e49d508cab33b --out-dir /tmp/cargo-mutants-app-5Mc7Jj.tmp/target/debug/build/num-traits-f14e49d508cab33b -L dependency=/tmp/cargo-mutants-app-5Mc7Jj.tmp/target/debug/deps --extern autocfg=/tmp/cargo-mutants-app-5Mc7Jj.tmp/target/debug/deps/libautocfg-38d501c17e68b38c.rlib --cap-lints allow`
   Compiling syn v2.0.117
     Running `/home/jules/.rustup/toolchains/stable-x86_64-unknown-linux-gnu/bin/rustc --crate-name syn --edition=2021 /home/jules/.cargo/registry/src/index.crates.io-1949cf8c6b5b557f/syn-2.0.117/src/lib.rs --error-format=json --json=diagnostic-rendered-ansi,artifacts,future-incompat --crate-type lib --emit=dep-info,metadata,link -C embed-bitcode=no --cfg 'feature="clone-impls"' --cfg 'feature="default"' --cfg 'feature="derive"' --cfg 'feature="extra-traits"' --cfg 'feature="parsing"' --cfg 'feature="printing"' --cfg 'feature="proc-macro"' --check-cfg 'cfg(docsrs,test)' --check-cfg 'cfg(feature, values("clone-impls", "default", "derive", "extra-traits", "fold", "full", "parsing", "printing", "proc-macro", "test", "visit", "visit-mut"))' -C metadata=f95e7d6031f7eb1e -C extra-filename=-62e14bef2bdce4b5 --out-dir /tmp/cargo-mutants-app-5Mc7Jj.tmp/target/debug/deps -L dependency=/tmp/cargo-mutants-app-5Mc7Jj.tmp/target/debug/deps --extern proc_macro2=/tmp/cargo-mutants-app-5Mc7Jj.tmp/target/debug/deps/libproc_macro2-00cf4115453f001d.rmeta --extern quote=/tmp/cargo-mutants-app-5Mc7Jj.tmp/target/debug/deps/libquote-39b5d25cd1a71316.rmeta --extern unicode_ident=/tmp/cargo-mutants-app-5Mc7Jj.tmp/target/debug/deps/libunicode_ident-61533c72d8f4e5f7.rmeta --cap-lints allow`
     Running `/tmp/cargo-mutants-app-5Mc7Jj.tmp/target/debug/build/object-84cf97e7179f1190/build-script-build`
     Running `/home/jules/.rustup/toolchains/stable-x86_64-unknown-linux-gnu/bin/rustc --crate-name crossbeam_utils --edition=2021 /home/jules/.cargo/registry/src/index.crates.io-1949cf8c6b5b557f/crossbeam-utils-0.8.21/src/lib.rs --error-format=json --json=diagnostic-rendered-ansi,artifacts,future-incompat --crate-type lib --emit=dep-info,metadata,link -C embed-bitcode=no -C debuginfo=2 --warn=unexpected_cfgs '--allow=clippy::lint_groups_priority' '--allow=clippy::declare_interior_mutable_const' --check-cfg 'cfg(crossbeam_loom)' --check-cfg 'cfg(crossbeam_sanitize)' --cfg 'feature="default"' --cfg 'feature="std"' --check-cfg 'cfg(docsrs,test)' --check-cfg 'cfg(feature, values("default", "loom", "nightly", "std"))' -C metadata=3a58c9dbeca94766 -C extra-filename=-8775055eb4b1a9f1 --out-dir /tmp/cargo-mutants-app-5Mc7Jj.tmp/target/debug/deps -L dependency=/tmp/cargo-mutants-app-5Mc7Jj.tmp/target/debug/deps --cap-lints allow --check-cfg 'cfg(crossbeam_no_atomic,crossbeam_sanitize_thread)'`
   Compiling jobserver v0.1.34
     Running `/home/jules/.rustup/toolchains/stable-x86_64-unknown-linux-gnu/bin/rustc --crate-name jobserver --edition=2021 /home/jules/.cargo/registry/src/index.crates.io-1949cf8c6b5b557f/jobserver-0.1.34/src/lib.rs --error-format=json --json=diagnostic-rendered-ansi,artifacts,future-incompat --crate-type lib --emit=dep-info,metadata,link -C embed-bitcode=no --check-cfg 'cfg(docsrs,test)' --check-cfg 'cfg(feature, values())' -C metadata=adbf9bbdce255893 -C extra-filename=-4960ff27ebaaeb71 --out-dir /tmp/cargo-mutants-app-5Mc7Jj.tmp/target/debug/deps -L dependency=/tmp/cargo-mutants-app-5Mc7Jj.tmp/target/debug/deps --extern libc=/tmp/cargo-mutants-app-5Mc7Jj.tmp/target/debug/deps/liblibc-c3bf4cf3553bb91d.rmeta --cap-lints allow`
     Running `/tmp/cargo-mutants-app-5Mc7Jj.tmp/target/debug/build/zerocopy-520ef44f7eec1f5c/build-script-build`
   Compiling memchr v2.8.0
     Running `/home/jules/.rustup/toolchains/stable-x86_64-unknown-linux-gnu/bin/rustc --crate-name memchr --edition=2021 /home/jules/.cargo/registry/src/index.crates.io-1949cf8c6b5b557f/memchr-2.8.0/src/lib.rs --error-format=json --json=diagnostic-rendered-ansi,artifacts,future-incompat --crate-type lib --emit=dep-info,metadata,link -C embed-bitcode=no --cfg 'feature="alloc"' --cfg 'feature="std"' --check-cfg 'cfg(docsrs,test)' --check-cfg 'cfg(feature, values("alloc", "core", "default", "libc", "logging", "rustc-dep-of-std", "std", "use_std"))' -C metadata=7ba43a4ea955e08e -C extra-filename=-01f7ef64afff6d04 --out-dir /tmp/cargo-mutants-app-5Mc7Jj.tmp/target/debug/deps -L dependency=/tmp/cargo-mutants-app-5Mc7Jj.tmp/target/debug/deps --cap-lints allow`
   Compiling cc v1.2.56
     Running `/home/jules/.rustup/toolchains/stable-x86_64-unknown-linux-gnu/bin/rustc --crate-name cc --edition=2018 /home/jules/.cargo/registry/src/index.crates.io-1949cf8c6b5b557f/cc-1.2.56/src/lib.rs --error-format=json --json=diagnostic-rendered-ansi,artifacts,future-incompat --crate-type lib --emit=dep-info,metadata,link -C embed-bitcode=no --allow=unexpected_cfgs --check-cfg 'cfg(disable_clang_cl_tests)' --cfg 'feature="parallel"' --check-cfg 'cfg(docsrs,test)' --check-cfg 'cfg(feature, values("jobserver", "parallel"))' -C metadata=6da1d151b24cb35c -C extra-filename=-297dab0bdb367632 --out-dir /tmp/cargo-mutants-app-5Mc7Jj.tmp/target/debug/deps -L dependency=/tmp/cargo-mutants-app-5Mc7Jj.tmp/target/debug/deps --extern find_msvc_tools=/tmp/cargo-mutants-app-5Mc7Jj.tmp/target/debug/deps/libfind_msvc_tools-ef29dcd9f97b56f5.rmeta --extern jobserver=/tmp/cargo-mutants-app-5Mc7Jj.tmp/target/debug/deps/libjobserver-4960ff27ebaaeb71.rmeta --extern libc=/tmp/cargo-mutants-app-5Mc7Jj.tmp/target/debug/deps/liblibc-c3bf4cf3553bb91d.rmeta --extern shlex=/tmp/cargo-mutants-app-5Mc7Jj.tmp/target/debug/deps/libshlex-3b90976fe851454e.rmeta --cap-lints allow`
   Compiling crossbeam-epoch v0.9.18
     Running `/home/jules/.rustup/toolchains/stable-x86_64-unknown-linux-gnu/bin/rustc --crate-name crossbeam_epoch --edition=2021 /home/jules/.cargo/registry/src/index.crates.io-1949cf8c6b5b557f/crossbeam-epoch-0.9.18/src/lib.rs --error-format=json --json=diagnostic-rendered-ansi,artifacts,future-incompat --crate-type lib --emit=dep-info,metadata,link -C embed-bitcode=no -C debuginfo=2 --cfg 'feature="alloc"' --cfg 'feature="std"' --check-cfg 'cfg(docsrs,test)' --check-cfg 'cfg(feature, values("alloc", "default", "loom", "loom-crate", "nightly", "std"))' -C metadata=ae43cd7756f1935b -C extra-filename=-3f303a1308604a37 --out-dir /tmp/cargo-mutants-app-5Mc7Jj.tmp/target/debug/deps -L dependency=/tmp/cargo-mutants-app-5Mc7Jj.tmp/target/debug/deps --extern crossbeam_utils=/tmp/cargo-mutants-app-5Mc7Jj.tmp/target/debug/deps/libcrossbeam_utils-8775055eb4b1a9f1.rmeta --cap-lints allow`
     Running `/home/jules/.rustup/toolchains/stable-x86_64-unknown-linux-gnu/bin/rustc --crate-name object --edition=2018 /home/jules/.cargo/registry/src/index.crates.io-1949cf8c6b5b557f/object-0.37.3/src/lib.rs --error-format=json --json=diagnostic-rendered-ansi,artifacts,future-incompat --crate-type lib --emit=dep-info,metadata,link -C embed-bitcode=no '--allow=clippy::uninlined_format_args' '--allow=clippy::type_complexity' '--allow=clippy::single_match' '--allow=clippy::should_implement_trait' '--allow=clippy::result_unit_err' '--allow=clippy::needless_lifetimes' '--allow=clippy::match_like_matches_macro' '--allow=clippy::manual_flatten' '--allow=clippy::field_reassign_with_default' '--allow=clippy::comparison_chain' '--allow=clippy::collapsible_match' '--allow=clippy::collapsible_if' '--allow=clippy::collapsible_else_if' --cfg 'feature="archive"' --cfg 'feature="coff"' --cfg 'feature="elf"' --cfg 'feature="macho"' --cfg 'feature="pe"' --cfg 'feature="read"' --cfg 'feature="read_core"' --cfg 'feature="std"' --cfg 'feature="unaligned"' --cfg 'feature="xcoff"' --check-cfg 'cfg(docsrs,test)' --check-cfg 'cfg(feature, values("all", "alloc", "archive", "build", "build_core", "cargo-all", "coff", "compression", "core", "default", "doc", "elf", "macho", "pe", "read", "read_core", "rustc-dep-of-std", "std", "unaligned", "unstable", "unstable-all", "wasm", "write", "write_core", "write_std", "xcoff"))' -C metadata=bccff90487f5af03 -C extra-filename=-f3b6a06db3e8dd9b --out-dir /tmp/cargo-mutants-app-5Mc7Jj.tmp/target/debug/deps -L dependency=/tmp/cargo-mutants-app-5Mc7Jj.tmp/target/debug/deps --extern memchr=/tmp/cargo-mutants-app-5Mc7Jj.tmp/target/debug/deps/libmemchr-01f7ef64afff6d04.rmeta --cap-lints allow --cfg core_error --check-cfg 'cfg(core_error)'`
     Running `/home/jules/.rustup/toolchains/stable-x86_64-unknown-linux-gnu/bin/rustc --crate-name zerocopy --edition=2021 /home/jules/.cargo/registry/src/index.crates.io-1949cf8c6b5b557f/zerocopy-0.8.39/src/lib.rs --error-format=json --json=diagnostic-rendered-ansi,artifacts,future-incompat --crate-type lib --emit=dep-info,metadata,link -C embed-bitcode=no -C debuginfo=2 --cfg 'feature="simd"' --check-cfg 'cfg(docsrs,test)' --check-cfg 'cfg(feature, values("__internal_use_only_features_that_work_on_stable", "alloc", "derive", "float-nightly", "simd", "simd-nightly", "std", "zerocopy-derive"))' -C metadata=925e0084b875674b -C extra-filename=-01cd04a58e8782d6 --out-dir /tmp/cargo-mutants-app-5Mc7Jj.tmp/target/debug/deps -L dependency=/tmp/cargo-mutants-app-5Mc7Jj.tmp/target/debug/deps --cap-lints allow --check-cfg 'cfg(no_zerocopy_simd_x86_avx12_1_89_0)' --check-cfg 'cfg(rust, values("1.89.0"))' --check-cfg 'cfg(no_zerocopy_core_error_1_81_0)' --check-cfg 'cfg(rust, values("1.81.0"))' --check-cfg 'cfg(no_zerocopy_diagnostic_on_unimplemented_1_78_0)' --check-cfg 'cfg(rust, values("1.78.0"))' --check-cfg 'cfg(no_zerocopy_generic_bounds_in_const_fn_1_61_0)' --check-cfg 'cfg(rust, values("1.61.0"))' --check-cfg 'cfg(no_zerocopy_target_has_atomics_1_60_0)' --check-cfg 'cfg(rust, values("1.60.0"))' --check-cfg 'cfg(no_zerocopy_aarch64_simd_1_59_0)' --check-cfg 'cfg(rust, values("1.59.0"))' --check-cfg 'cfg(no_zerocopy_panic_in_const_and_vec_try_reserve_1_57_0)' --check-cfg 'cfg(rust, values("1.57.0"))' --check-cfg 'cfg(doc_cfg)' --check-cfg 'cfg(kani)' --check-cfg 'cfg(__ZEROCOPY_INTERNAL_USE_ONLY_NIGHTLY_FEATURES_IN_TESTS)' --check-cfg 'cfg(__ZEROCOPY_INTERNAL_USE_ONLY_DEV_MODE)' --check-cfg 'cfg(coverage_nightly)'`
     Running `/tmp/cargo-mutants-app-5Mc7Jj.tmp/target/debug/build/num-traits-f14e49d508cab33b/build-script-build`
   Compiling rayon-core v1.13.0
     Running `/home/jules/.rustup/toolchains/stable-x86_64-unknown-linux-gnu/bin/rustc --crate-name build_script_build --edition=2021 /home/jules/.cargo/registry/src/index.crates.io-1949cf8c6b5b557f/rayon-core-1.13.0/build.rs --error-format=json --json=diagnostic-rendered-ansi,artifacts,future-incompat --crate-type bin --emit=dep-info,link -C embed-bitcode=no --check-cfg 'cfg(docsrs,test)' --check-cfg 'cfg(feature, values("web_spin_lock"))' -C metadata=dc345623e3e787a9 -C extra-filename=-1bc1ef21b7aae4c0 --out-dir /tmp/cargo-mutants-app-5Mc7Jj.tmp/target/debug/build/rayon-core-1bc1ef21b7aae4c0 -L dependency=/tmp/cargo-mutants-app-5Mc7Jj.tmp/target/debug/deps --cap-lints allow`
   Compiling rustversion v1.0.22
     Running `/home/jules/.rustup/toolchains/stable-x86_64-unknown-linux-gnu/bin/rustc --crate-name build_script_build --edition=2018 /home/jules/.cargo/registry/src/index.crates.io-1949cf8c6b5b557f/rustversion-1.0.22/build/build.rs --error-format=json --json=diagnostic-rendered-ansi,artifacts,future-incompat --crate-type bin --emit=dep-info,link -C embed-bitcode=no --check-cfg 'cfg(docsrs,test)' --check-cfg 'cfg(feature, values())' -C metadata=11ee804c35ffd16b -C extra-filename=-050205c5a595f792 --out-dir /tmp/cargo-mutants-app-5Mc7Jj.tmp/target/debug/build/rustversion-050205c5a595f792 -L dependency=/tmp/cargo-mutants-app-5Mc7Jj.tmp/target/debug/deps --cap-lints allow`
     Running `/tmp/cargo-mutants-app-5Mc7Jj.tmp/target/debug/build/rustversion-050205c5a595f792/build-script-build`
     Running `/tmp/cargo-mutants-app-5Mc7Jj.tmp/target/debug/build/rayon-core-1bc1ef21b7aae4c0/build-script-build`
     Running `/home/jules/.rustup/toolchains/stable-x86_64-unknown-linux-gnu/bin/rustc --crate-name num_traits --edition=2021 /home/jules/.cargo/registry/src/index.crates.io-1949cf8c6b5b557f/num-traits-0.2.19/src/lib.rs --error-format=json --json=diagnostic-rendered-ansi,artifacts,future-incompat --crate-type lib --emit=dep-info,metadata,link -C embed-bitcode=no -C debuginfo=2 --cfg 'feature="default"' --cfg 'feature="std"' --check-cfg 'cfg(docsrs,test)' --check-cfg 'cfg(feature, values("default", "i128", "libm", "std"))' -C metadata=a90d5df5eb326a0d -C extra-filename=-316037dbacd03ba5 --out-dir /tmp/cargo-mutants-app-5Mc7Jj.tmp/target/debug/deps -L dependency=/tmp/cargo-mutants-app-5Mc7Jj.tmp/target/debug/deps --cap-lints allow --cfg has_total_cmp --check-cfg 'cfg(has_total_cmp)'`
   Compiling crossbeam-deque v0.8.6
     Running `/home/jules/.rustup/toolchains/stable-x86_64-unknown-linux-gnu/bin/rustc --crate-name crossbeam_deque --edition=2021 /home/jules/.cargo/registry/src/index.crates.io-1949cf8c6b5b557f/crossbeam-deque-0.8.6/src/lib.rs --error-format=json --json=diagnostic-rendered-ansi,artifacts,future-incompat --crate-type lib --emit=dep-info,metadata,link -C embed-bitcode=no -C debuginfo=2 --warn=unexpected_cfgs '--allow=clippy::lint_groups_priority' '--allow=clippy::declare_interior_mutable_const' --check-cfg 'cfg(crossbeam_loom)' --check-cfg 'cfg(crossbeam_sanitize)' --cfg 'feature="default"' --cfg 'feature="std"' --check-cfg 'cfg(docsrs,test)' --check-cfg 'cfg(feature, values("default", "std"))' -C metadata=ef1883b9f9ec1d23 -C extra-filename=-6995d016e26db07f --out-dir /tmp/cargo-mutants-app-5Mc7Jj.tmp/target/debug/deps -L dependency=/tmp/cargo-mutants-app-5Mc7Jj.tmp/target/debug/deps --extern crossbeam_epoch=/tmp/cargo-mutants-app-5Mc7Jj.tmp/target/debug/deps/libcrossbeam_epoch-3f303a1308604a37.rmeta --extern crossbeam_utils=/tmp/cargo-mutants-app-5Mc7Jj.tmp/target/debug/deps/libcrossbeam_utils-8775055eb4b1a9f1.rmeta --cap-lints allow`
   Compiling getrandom v0.3.4
     Running `/home/jules/.rustup/toolchains/stable-x86_64-unknown-linux-gnu/bin/rustc --crate-name build_script_build --edition=2021 /home/jules/.cargo/registry/src/index.crates.io-1949cf8c6b5b557f/getrandom-0.3.4/build.rs --error-format=json --json=diagnostic-rendered-ansi,artifacts,future-incompat --crate-type bin --emit=dep-info,link -C embed-bitcode=no --warn=unexpected_cfgs --check-cfg 'cfg(getrandom_backend, values("custom", "efi_rng", "rdrand", "rndr", "linux_getrandom", "linux_raw", "wasm_js", "windows_legacy", "unsupported"))' --check-cfg 'cfg(getrandom_msan)' --check-cfg 'cfg(getrandom_test_linux_fallback)' --check-cfg 'cfg(getrandom_test_linux_without_fallback)' --check-cfg 'cfg(getrandom_test_netbsd_fallback)' --check-cfg 'cfg(target_os, values("cygwin"))' --check-cfg 'cfg(docsrs,test)' --check-cfg 'cfg(feature, values("std", "wasm_js"))' -C metadata=31d194c5cd306af6 -C extra-filename=-c202808f8e6e5002 --out-dir /tmp/cargo-mutants-app-5Mc7Jj.tmp/target/debug/build/getrandom-c202808f8e6e5002 -L dependency=/tmp/cargo-mutants-app-5Mc7Jj.tmp/target/debug/deps --cap-lints allow`
     Running `/home/jules/.rustup/toolchains/stable-x86_64-unknown-linux-gnu/bin/rustc --crate-name memchr --edition=2021 /home/jules/.cargo/registry/src/index.crates.io-1949cf8c6b5b557f/memchr-2.8.0/src/lib.rs --error-format=json --json=diagnostic-rendered-ansi,artifacts,future-incompat --crate-type lib --emit=dep-info,metadata,link -C embed-bitcode=no -C debuginfo=2 --cfg 'feature="alloc"' --cfg 'feature="default"' --cfg 'feature="std"' --check-cfg 'cfg(docsrs,test)' --check-cfg 'cfg(feature, values("alloc", "core", "default", "libc", "logging", "rustc-dep-of-std", "std", "use_std"))' -C metadata=15b88f98a3f35510 -C extra-filename=-616198ed82ec96a9 --out-dir /tmp/cargo-mutants-app-5Mc7Jj.tmp/target/debug/deps -L dependency=/tmp/cargo-mutants-app-5Mc7Jj.tmp/target/debug/deps --cap-lints allow`
   Compiling bitflags v2.11.0
     Running `/home/jules/.rustup/toolchains/stable-x86_64-unknown-linux-gnu/bin/rustc --crate-name bitflags --edition=2021 /home/jules/.cargo/registry/src/index.crates.io-1949cf8c6b5b557f/bitflags-2.11.0/src/lib.rs --error-format=json --json=diagnostic-rendered-ansi,artifacts,future-incompat --crate-type lib --emit=dep-info,metadata,link -C embed-bitcode=no -C debuginfo=2 --cfg 'feature="std"' --check-cfg 'cfg(docsrs,test)' --check-cfg 'cfg(feature, values("arbitrary", "bytemuck", "example_generated", "serde", "serde_core", "std"))' -C metadata=f6379b096a9e0e46 -C extra-filename=-0144bb6c22e03480 --out-dir /tmp/cargo-mutants-app-5Mc7Jj.tmp/target/debug/deps -L dependency=/tmp/cargo-mutants-app-5Mc7Jj.tmp/target/debug/deps --cap-lints allow`
     Running `/tmp/cargo-mutants-app-5Mc7Jj.tmp/target/debug/build/getrandom-c202808f8e6e5002/build-script-build`
     Running `/home/jules/.rustup/toolchains/stable-x86_64-unknown-linux-gnu/bin/rustc --crate-name rayon_core --edition=2021 /home/jules/.cargo/registry/src/index.crates.io-1949cf8c6b5b557f/rayon-core-1.13.0/src/lib.rs --error-format=json --json=diagnostic-rendered-ansi,artifacts,future-incompat --crate-type lib --emit=dep-info,metadata,link -C embed-bitcode=no -C debuginfo=2 --check-cfg 'cfg(docsrs,test)' --check-cfg 'cfg(feature, values("web_spin_lock"))' -C metadata=0423fc0cefc22832 -C extra-filename=-af936d5901b0fce8 --out-dir /tmp/cargo-mutants-app-5Mc7Jj.tmp/target/debug/deps -L dependency=/tmp/cargo-mutants-app-5Mc7Jj.tmp/target/debug/deps --extern crossbeam_deque=/tmp/cargo-mutants-app-5Mc7Jj.tmp/target/debug/deps/libcrossbeam_deque-6995d016e26db07f.rmeta --extern crossbeam_utils=/tmp/cargo-mutants-app-5Mc7Jj.tmp/target/debug/deps/libcrossbeam_utils-8775055eb4b1a9f1.rmeta --cap-lints allow`
   Compiling serde_derive v1.0.228
     Running `/home/jules/.rustup/toolchains/stable-x86_64-unknown-linux-gnu/bin/rustc --crate-name serde_derive --edition=2021 /home/jules/.cargo/registry/src/index.crates.io-1949cf8c6b5b557f/serde_derive-1.0.228/src/lib.rs --error-format=json --json=diagnostic-rendered-ansi,artifacts,future-incompat --crate-type proc-macro --emit=dep-info,link -C prefer-dynamic -C embed-bitcode=no --cfg 'feature="default"' --check-cfg 'cfg(docsrs,test)' --check-cfg 'cfg(feature, values("default", "deserialize_in_place"))' -C metadata=70b7ca2576631667 -C extra-filename=-c6ce7c0c48e35c41 --out-dir /tmp/cargo-mutants-app-5Mc7Jj.tmp/target/debug/deps -L dependency=/tmp/cargo-mutants-app-5Mc7Jj.tmp/target/debug/deps --extern proc_macro2=/tmp/cargo-mutants-app-5Mc7Jj.tmp/target/debug/deps/libproc_macro2-00cf4115453f001d.rlib --extern quote=/tmp/cargo-mutants-app-5Mc7Jj.tmp/target/debug/deps/libquote-39b5d25cd1a71316.rlib --extern syn=/tmp/cargo-mutants-app-5Mc7Jj.tmp/target/debug/deps/libsyn-62e14bef2bdce4b5.rlib --extern proc_macro --cap-lints allow`
   Compiling aho-corasick v1.1.4
     Running `/home/jules/.rustup/toolchains/stable-x86_64-unknown-linux-gnu/bin/rustc --crate-name aho_corasick --edition=2021 /home/jules/.cargo/registry/src/index.crates.io-1949cf8c6b5b557f/aho-corasick-1.1.4/src/lib.rs --error-format=json --json=diagnostic-rendered-ansi,artifacts,future-incompat --crate-type lib --emit=dep-info,metadata,link -C embed-bitcode=no -C debuginfo=2 --cfg 'feature="perf-literal"' --cfg 'feature="std"' --check-cfg 'cfg(docsrs,test)' --check-cfg 'cfg(feature, values("default", "logging", "perf-literal", "std"))' -C metadata=6664c3f52994e04f -C extra-filename=-23f57d822c2670c1 --out-dir /tmp/cargo-mutants-app-5Mc7Jj.tmp/target/debug/deps -L dependency=/tmp/cargo-mutants-app-5Mc7Jj.tmp/target/debug/deps --extern memchr=/tmp/cargo-mutants-app-5Mc7Jj.tmp/target/debug/deps/libmemchr-616198ed82ec96a9.rmeta --cap-lints allow`
   Compiling ar_archive_writer v0.5.1
     Running `/home/jules/.rustup/toolchains/stable-x86_64-unknown-linux-gnu/bin/rustc --crate-name ar_archive_writer --edition=2024 /home/jules/.cargo/registry/src/index.crates.io-1949cf8c6b5b557f/ar_archive_writer-0.5.1/src/lib.rs --error-format=json --json=diagnostic-rendered-ansi,artifacts,future-incompat --crate-type lib --emit=dep-info,metadata,link -C embed-bitcode=no --deny=rust_2018_idioms --check-cfg 'cfg(docsrs,test)' --check-cfg 'cfg(feature, values())' -C metadata=8253fef906ba2e59 -C extra-filename=-57c9a417b7ee55b2 --out-dir /tmp/cargo-mutants-app-5Mc7Jj.tmp/target/debug/deps -L dependency=/tmp/cargo-mutants-app-5Mc7Jj.tmp/target/debug/deps --extern object=/tmp/cargo-mutants-app-5Mc7Jj.tmp/target/debug/deps/libobject-f3b6a06db3e8dd9b.rmeta --cap-lints allow`
     Running `/home/jules/.rustup/toolchains/stable-x86_64-unknown-linux-gnu/bin/rustc --crate-name rustversion --edition=2018 /home/jules/.cargo/registry/src/index.crates.io-1949cf8c6b5b557f/rustversion-1.0.22/src/lib.rs --error-format=json --json=diagnostic-rendered-ansi,artifacts,future-incompat --crate-type proc-macro --emit=dep-info,link -C prefer-dynamic -C embed-bitcode=no --check-cfg 'cfg(docsrs,test)' --check-cfg 'cfg(feature, values())' -C metadata=f9d7f8df61884fc2 -C extra-filename=-211bfd3963d3ccb8 --out-dir /tmp/cargo-mutants-app-5Mc7Jj.tmp/target/debug/deps -L dependency=/tmp/cargo-mutants-app-5Mc7Jj.tmp/target/debug/deps --extern proc_macro --cap-lints allow --check-cfg 'cfg(cfg_macro_not_allowed)' --check-cfg 'cfg(host_os, values("windows"))'`
   Compiling getrandom v0.2.17
     Running `/home/jules/.rustup/toolchains/stable-x86_64-unknown-linux-gnu/bin/rustc --crate-name getrandom --edition=2018 /home/jules/.cargo/registry/src/index.crates.io-1949cf8c6b5b557f/getrandom-0.2.17/src/lib.rs --error-format=json --json=diagnostic-rendered-ansi,artifacts,future-incompat --crate-type lib --emit=dep-info,metadata,link -C embed-bitcode=no -C debuginfo=2 --cfg 'feature="std"' --check-cfg 'cfg(docsrs,test)' --check-cfg 'cfg(feature, values("compiler_builtins", "core", "custom", "js", "js-sys", "linux_disable_fallback", "rdrand", "rustc-dep-of-std", "std", "test-in-browser", "wasm-bindgen"))' -C metadata=085281f867768c59 -C extra-filename=-5d1c748d725cc3d9 --out-dir /tmp/cargo-mutants-app-5Mc7Jj.tmp/target/debug/deps -L dependency=/tmp/cargo-mutants-app-5Mc7Jj.tmp/target/debug/deps --extern cfg_if=/tmp/cargo-mutants-app-5Mc7Jj.tmp/target/debug/deps/libcfg_if-2d20780be38939e6.rmeta --extern libc=/tmp/cargo-mutants-app-5Mc7Jj.tmp/target/debug/deps/liblibc-c3bf4cf3553bb91d.rmeta --cap-lints allow`
   Compiling ahash v0.8.12
     Running `/home/jules/.rustup/toolchains/stable-x86_64-unknown-linux-gnu/bin/rustc --crate-name build_script_build --edition=2018 /home/jules/.cargo/registry/src/index.crates.io-1949cf8c6b5b557f/ahash-0.8.12/build.rs --error-format=json --json=diagnostic-rendered-ansi,artifacts,future-incompat --crate-type bin --emit=dep-info,link -C embed-bitcode=no --cfg 'feature="default"' --cfg 'feature="getrandom"' --cfg 'feature="runtime-rng"' --cfg 'feature="std"' --check-cfg 'cfg(docsrs,test)' --check-cfg 'cfg(feature, values("atomic-polyfill", "compile-time-rng", "const-random", "default", "getrandom", "nightly-arm-aes", "no-rng", "runtime-rng", "serde", "std"))' -C metadata=4c75034cb4048664 -C extra-filename=-d4d08ca37595918c --out-dir /tmp/cargo-mutants-app-5Mc7Jj.tmp/target/debug/build/ahash-d4d08ca37595918c -L dependency=/tmp/cargo-mutants-app-5Mc7Jj.tmp/target/debug/deps --extern version_check=/tmp/cargo-mutants-app-5Mc7Jj.tmp/target/debug/deps/libversion_check-e67c589c3c1ced77.rlib --cap-lints allow`
   Compiling array-init-cursor v0.2.1
     Running `/home/jules/.rustup/toolchains/stable-x86_64-unknown-linux-gnu/bin/rustc --crate-name array_init_cursor --edition=2021 /home/jules/.cargo/registry/src/index.crates.io-1949cf8c6b5b557f/array-init-cursor-0.2.1/src/lib.rs --error-format=json --json=diagnostic-rendered-ansi,artifacts,future-incompat --crate-type lib --emit=dep-info,metadata,link -C embed-bitcode=no -C debuginfo=2 --check-cfg 'cfg(docsrs,test)' --check-cfg 'cfg(feature, values())' -C metadata=be9be34752633370 -C extra-filename=-86c14f8623a04b47 --out-dir /tmp/cargo-mutants-app-5Mc7Jj.tmp/target/debug/deps -L dependency=/tmp/cargo-mutants-app-5Mc7Jj.tmp/target/debug/deps --cap-lints allow`
   Compiling either v1.15.0
     Running `/home/jules/.rustup/toolchains/stable-x86_64-unknown-linux-gnu/bin/rustc --crate-name either --edition=2021 /home/jules/.cargo/registry/src/index.crates.io-1949cf8c6b5b557f/either-1.15.0/src/lib.rs --error-format=json --json=diagnostic-rendered-ansi,artifacts,future-incompat --crate-type lib --emit=dep-info,metadata,link -C embed-bitcode=no -C debuginfo=2 --cfg 'feature="default"' --cfg 'feature="std"' --check-cfg 'cfg(docsrs,test)' --check-cfg 'cfg(feature, values("default", "serde", "std", "use_std"))' -C metadata=3c32ef35e1664f96 -C extra-filename=-151add888343a204 --out-dir /tmp/cargo-mutants-app-5Mc7Jj.tmp/target/debug/deps -L dependency=/tmp/cargo-mutants-app-5Mc7Jj.tmp/target/debug/deps --cap-lints allow`
   Compiling parking_lot_core v0.9.12
     Running `/home/jules/.rustup/toolchains/stable-x86_64-unknown-linux-gnu/bin/rustc --crate-name build_script_build --edition=2021 /home/jules/.cargo/registry/src/index.crates.io-1949cf8c6b5b557f/parking_lot_core-0.9.12/build.rs --error-format=json --json=diagnostic-rendered-ansi,artifacts,future-incompat --crate-type bin --emit=dep-info,link -C embed-bitcode=no --check-cfg 'cfg(docsrs,test)' --check-cfg 'cfg(feature, values("backtrace", "deadlock_detection", "nightly", "petgraph"))' -C metadata=4f6bae91ef3f3692 -C extra-filename=-a1f54925c42d264a --out-dir /tmp/cargo-mutants-app-5Mc7Jj.tmp/target/debug/build/parking_lot_core-a1f54925c42d264a -L dependency=/tmp/cargo-mutants-app-5Mc7Jj.tmp/target/debug/deps --cap-lints allow`
   Compiling thiserror v2.0.18
     Running `/home/jules/.rustup/toolchains/stable-x86_64-unknown-linux-gnu/bin/rustc --crate-name build_script_build --edition=2021 /home/jules/.cargo/registry/src/index.crates.io-1949cf8c6b5b557f/thiserror-2.0.18/build.rs --error-format=json --json=diagnostic-rendered-ansi,artifacts,future-incompat --crate-type bin --emit=dep-info,link -C embed-bitcode=no --cfg 'feature="default"' --cfg 'feature="std"' --check-cfg 'cfg(docsrs,test)' --check-cfg 'cfg(feature, values("default", "std"))' -C metadata=996fc01ab6e8c1ce -C extra-filename=-a345b3ae36f46eea --out-dir /tmp/cargo-mutants-app-5Mc7Jj.tmp/target/debug/build/thiserror-a345b3ae36f46eea -L dependency=/tmp/cargo-mutants-app-5Mc7Jj.tmp/target/debug/deps --cap-lints allow`
   Compiling regex-syntax v0.8.10
     Running `/home/jules/.rustup/toolchains/stable-x86_64-unknown-linux-gnu/bin/rustc --crate-name regex_syntax --edition=2021 /home/jules/.cargo/registry/src/index.crates.io-1949cf8c6b5b557f/regex-syntax-0.8.10/src/lib.rs --error-format=json --json=diagnostic-rendered-ansi,artifacts,future-incompat --crate-type lib --emit=dep-info,metadata,link -C embed-bitcode=no -C debuginfo=2 --allow=unexpected_cfgs --check-cfg 'cfg(docsrs_regex)' --cfg 'feature="default"' --cfg 'feature="std"' --cfg 'feature="unicode"' --cfg 'feature="unicode-age"' --cfg 'feature="unicode-bool"' --cfg 'feature="unicode-case"' --cfg 'feature="unicode-gencat"' --cfg 'feature="unicode-perl"' --cfg 'feature="unicode-script"' --cfg 'feature="unicode-segment"' --check-cfg 'cfg(docsrs,test)' --check-cfg 'cfg(feature, values("arbitrary", "default", "std", "unicode", "unicode-age", "unicode-bool", "unicode-case", "unicode-gencat", "unicode-perl", "unicode-script", "unicode-segment"))' -C metadata=af0cb19109bf6298 -C extra-filename=-813d5de08f30705c --out-dir /tmp/cargo-mutants-app-5Mc7Jj.tmp/target/debug/deps -L dependency=/tmp/cargo-mutants-app-5Mc7Jj.tmp/target/debug/deps --cap-lints allow`
     Running `/tmp/cargo-mutants-app-5Mc7Jj.tmp/target/debug/build/thiserror-a345b3ae36f46eea/build-script-build`
     Running `/tmp/cargo-mutants-app-5Mc7Jj.tmp/target/debug/build/parking_lot_core-a1f54925c42d264a/build-script-build`
   Compiling rayon v1.11.0
     Running `/home/jules/.rustup/toolchains/stable-x86_64-unknown-linux-gnu/bin/rustc --crate-name rayon --edition=2021 /home/jules/.cargo/registry/src/index.crates.io-1949cf8c6b5b557f/rayon-1.11.0/src/lib.rs --error-format=json --json=diagnostic-rendered-ansi,artifacts,future-incompat --crate-type lib --emit=dep-info,metadata,link -C embed-bitcode=no -C debuginfo=2 --check-cfg 'cfg(docsrs,test)' --check-cfg 'cfg(feature, values("web_spin_lock"))' -C metadata=a1c8c55fa384e36b -C extra-filename=-c6f9b3718461f2f0 --out-dir /tmp/cargo-mutants-app-5Mc7Jj.tmp/target/debug/deps -L dependency=/tmp/cargo-mutants-app-5Mc7Jj.tmp/target/debug/deps --extern either=/tmp/cargo-mutants-app-5Mc7Jj.tmp/target/debug/deps/libeither-151add888343a204.rmeta --extern rayon_core=/tmp/cargo-mutants-app-5Mc7Jj.tmp/target/debug/deps/librayon_core-af936d5901b0fce8.rmeta --cap-lints allow`
   Compiling psm v0.1.30
     Running `/home/jules/.rustup/toolchains/stable-x86_64-unknown-linux-gnu/bin/rustc --crate-name build_script_build --edition=2021 /home/jules/.cargo/registry/src/index.crates.io-1949cf8c6b5b557f/psm-0.1.30/build.rs --error-format=json --json=diagnostic-rendered-ansi,artifacts,future-incompat --crate-type bin --emit=dep-info,link -C embed-bitcode=no --check-cfg 'cfg(docsrs,test)' --check-cfg 'cfg(feature, values())' -C metadata=d84b65dc91cedd3b -C extra-filename=-4471c0c0cd713dd3 --out-dir /tmp/cargo-mutants-app-5Mc7Jj.tmp/target/debug/build/psm-4471c0c0cd713dd3 -L dependency=/tmp/cargo-mutants-app-5Mc7Jj.tmp/target/debug/deps --extern ar_archive_writer=/tmp/cargo-mutants-app-5Mc7Jj.tmp/target/debug/deps/libar_archive_writer-57c9a417b7ee55b2.rlib --extern cc=/tmp/cargo-mutants-app-5Mc7Jj.tmp/target/debug/deps/libcc-297dab0bdb367632.rlib --cap-lints allow`
     Running `/tmp/cargo-mutants-app-5Mc7Jj.tmp/target/debug/build/psm-4471c0c0cd713dd3/build-script-build`
     Running `/tmp/cargo-mutants-app-5Mc7Jj.tmp/target/debug/build/ahash-d4d08ca37595918c/build-script-build`
   Compiling planus v0.3.1
     Running `/home/jules/.rustup/toolchains/stable-x86_64-unknown-linux-gnu/bin/rustc --crate-name planus --edition=2021 /home/jules/.cargo/registry/src/index.crates.io-1949cf8c6b5b557f/planus-0.3.1/src/lib.rs --error-format=json --json=diagnostic-rendered-ansi,artifacts,future-incompat --crate-type lib --emit=dep-info,metadata,link -C embed-bitcode=no -C debuginfo=2 --cfg 'feature="default"' --cfg 'feature="std"' --check-cfg 'cfg(docsrs,test)' --check-cfg 'cfg(feature, values("default", "extra-validation", "std"))' -C metadata=0a704e407a96be72 -C extra-filename=-a298ba94a607d061 --out-dir /tmp/cargo-mutants-app-5Mc7Jj.tmp/target/debug/deps -L dependency=/tmp/cargo-mutants-app-5Mc7Jj.tmp/target/debug/deps --extern array_init_cursor=/tmp/cargo-mutants-app-5Mc7Jj.tmp/target/debug/deps/libarray_init_cursor-86c14f8623a04b47.rmeta --cap-lints allow`
   Compiling rand_core v0.6.4
     Running `/home/jules/.rustup/toolchains/stable-x86_64-unknown-linux-gnu/bin/rustc --crate-name rand_core --edition=2018 /home/jules/.cargo/registry/src/index.crates.io-1949cf8c6b5b557f/rand_core-0.6.4/src/lib.rs --error-format=json --json=diagnostic-rendered-ansi,artifacts,future-incompat --crate-type lib --emit=dep-info,metadata,link -C embed-bitcode=no -C debuginfo=2 --cfg 'feature="alloc"' --cfg 'feature="getrandom"' --cfg 'feature="std"' --check-cfg 'cfg(docsrs,test)' --check-cfg 'cfg(feature, values("alloc", "getrandom", "serde", "serde1", "std"))' -C metadata=a1f503e6668fb397 -C extra-filename=-4f6705fa65901a3c --out-dir /tmp/cargo-mutants-app-5Mc7Jj.tmp/target/debug/deps -L dependency=/tmp/cargo-mutants-app-5Mc7Jj.tmp/target/debug/deps --extern getrandom=/tmp/cargo-mutants-app-5Mc7Jj.tmp/target/debug/deps/libgetrandom-5d1c748d725cc3d9.rmeta --cap-lints allow`
     Running `/home/jules/.rustup/toolchains/stable-x86_64-unknown-linux-gnu/bin/rustc --crate-name serde --edition=2021 /home/jules/.cargo/registry/src/index.crates.io-1949cf8c6b5b557f/serde-1.0.228/src/lib.rs --error-format=json --json=diagnostic-rendered-ansi,artifacts,future-incompat --crate-type lib --emit=dep-info,metadata,link -C embed-bitcode=no -C debuginfo=2 --cfg 'feature="alloc"' --cfg 'feature="derive"' --cfg 'feature="serde_derive"' --cfg 'feature="std"' --check-cfg 'cfg(docsrs,test)' --check-cfg 'cfg(feature, values("alloc", "default", "derive", "rc", "serde_derive", "std", "unstable"))' -C metadata=cf22e3efb81423c7 -C extra-filename=-70a5bd18eecd04f2 --out-dir /tmp/cargo-mutants-app-5Mc7Jj.tmp/target/debug/deps -L dependency=/tmp/cargo-mutants-app-5Mc7Jj.tmp/target/debug/deps --extern serde_core=/tmp/cargo-mutants-app-5Mc7Jj.tmp/target/debug/deps/libserde_core-d4a722a22773e376.rmeta --extern serde_derive=/tmp/cargo-mutants-app-5Mc7Jj.tmp/target/debug/deps/libserde_derive-c6ce7c0c48e35c41.so --cap-lints allow --cfg if_docsrs_then_no_serde_core --check-cfg 'cfg(feature, values("result"))' --check-cfg 'cfg(if_docsrs_then_no_serde_core)' --check-cfg 'cfg(no_core_cstr)' --check-cfg 'cfg(no_core_error)' --check-cfg 'cfg(no_core_net)' --check-cfg 'cfg(no_core_num_saturating)' --check-cfg 'cfg(no_diagnostic_namespace)' --check-cfg 'cfg(no_serde_derive)' --check-cfg 'cfg(no_std_atomic)' --check-cfg 'cfg(no_std_atomic64)' --check-cfg 'cfg(no_target_has_atomic)'`
   Compiling ppv-lite86 v0.2.21
     Running `/home/jules/.rustup/toolchains/stable-x86_64-unknown-linux-gnu/bin/rustc --crate-name ppv_lite86 --edition=2021 /home/jules/.cargo/registry/src/index.crates.io-1949cf8c6b5b557f/ppv-lite86-0.2.21/src/lib.rs --error-format=json --json=diagnostic-rendered-ansi,artifacts,future-incompat --crate-type lib --emit=dep-info,metadata,link -C embed-bitcode=no -C debuginfo=2 --cfg 'feature="simd"' --cfg 'feature="std"' --check-cfg 'cfg(docsrs,test)' --check-cfg 'cfg(feature, values("default", "no_simd", "simd", "std"))' -C metadata=73d53a8736da8f56 -C extra-filename=-8b21ea8f496e802a --out-dir /tmp/cargo-mutants-app-5Mc7Jj.tmp/target/debug/deps -L dependency=/tmp/cargo-mutants-app-5Mc7Jj.tmp/target/debug/deps --extern zerocopy=/tmp/cargo-mutants-app-5Mc7Jj.tmp/target/debug/deps/libzerocopy-01cd04a58e8782d6.rmeta --cap-lints allow`
   Compiling regex-automata v0.4.14
     Running `/home/jules/.rustup/toolchains/stable-x86_64-unknown-linux-gnu/bin/rustc --crate-name regex_automata --edition=2021 /home/jules/.cargo/registry/src/index.crates.io-1949cf8c6b5b557f/regex-automata-0.4.14/src/lib.rs --error-format=json --json=diagnostic-rendered-ansi,artifacts,future-incompat --crate-type lib --emit=dep-info,metadata,link -C embed-bitcode=no -C debuginfo=2 --allow=unexpected_cfgs --check-cfg 'cfg(docsrs_regex)' --cfg 'feature="alloc"' --cfg 'feature="dfa-onepass"' --cfg 'feature="hybrid"' --cfg 'feature="meta"' --cfg 'feature="nfa-backtrack"' --cfg 'feature="nfa-pikevm"' --cfg 'feature="nfa-thompson"' --cfg 'feature="perf-inline"' --cfg 'feature="perf-literal"' --cfg 'feature="perf-literal-multisubstring"' --cfg 'feature="perf-literal-substring"' --cfg 'feature="std"' --cfg 'feature="syntax"' --cfg 'feature="unicode"' --cfg 'feature="unicode-age"' --cfg 'feature="unicode-bool"' --cfg 'feature="unicode-case"' --cfg 'feature="unicode-gencat"' --cfg 'feature="unicode-perl"' --cfg 'feature="unicode-script"' --cfg 'feature="unicode-segment"' --cfg 'feature="unicode-word-boundary"' --check-cfg 'cfg(docsrs,test)' --check-cfg 'cfg(feature, values("alloc", "default", "dfa", "dfa-build", "dfa-onepass", "dfa-search", "hybrid", "internal-instrument", "internal-instrument-pikevm", "logging", "meta", "nfa", "nfa-backtrack", "nfa-pikevm", "nfa-thompson", "perf", "perf-inline", "perf-literal", "perf-literal-multisubstring", "perf-literal-substring", "std", "syntax", "unicode", "unicode-age", "unicode-bool", "unicode-case", "unicode-gencat", "unicode-perl", "unicode-script", "unicode-segment", "unicode-word-boundary"))' -C metadata=6c5cfc96a3317848 -C extra-filename=-37f6a66b074e9728 --out-dir /tmp/cargo-mutants-app-5Mc7Jj.tmp/target/debug/deps -L dependency=/tmp/cargo-mutants-app-5Mc7Jj.tmp/target/debug/deps --extern aho_corasick=/tmp/cargo-mutants-app-5Mc7Jj.tmp/target/debug/deps/libaho_corasick-23f57d822c2670c1.rmeta --extern memchr=/tmp/cargo-mutants-app-5Mc7Jj.tmp/target/debug/deps/libmemchr-616198ed82ec96a9.rmeta --extern regex_syntax=/tmp/cargo-mutants-app-5Mc7Jj.tmp/target/debug/deps/libregex_syntax-813d5de08f30705c.rmeta --cap-lints allow`
   Compiling thiserror-impl v2.0.18
     Running `/home/jules/.rustup/toolchains/stable-x86_64-unknown-linux-gnu/bin/rustc --crate-name thiserror_impl --edition=2021 /home/jules/.cargo/registry/src/index.crates.io-1949cf8c6b5b557f/thiserror-impl-2.0.18/src/lib.rs --error-format=json --json=diagnostic-rendered-ansi,artifacts,future-incompat --crate-type proc-macro --emit=dep-info,link -C prefer-dynamic -C embed-bitcode=no --check-cfg 'cfg(docsrs,test)' --check-cfg 'cfg(feature, values())' -C metadata=e1138124d2311e54 -C extra-filename=-f0fdeb54e7a66b80 --out-dir /tmp/cargo-mutants-app-5Mc7Jj.tmp/target/debug/deps -L dependency=/tmp/cargo-mutants-app-5Mc7Jj.tmp/target/debug/deps --extern proc_macro2=/tmp/cargo-mutants-app-5Mc7Jj.tmp/target/debug/deps/libproc_macro2-00cf4115453f001d.rlib --extern quote=/tmp/cargo-mutants-app-5Mc7Jj.tmp/target/debug/deps/libquote-39b5d25cd1a71316.rlib --extern syn=/tmp/cargo-mutants-app-5Mc7Jj.tmp/target/debug/deps/libsyn-62e14bef2bdce4b5.rlib --extern proc_macro --cap-lints allow`
     Running `/home/jules/.rustup/toolchains/stable-x86_64-unknown-linux-gnu/bin/rustc --crate-name getrandom --edition=2021 /home/jules/.cargo/registry/src/index.crates.io-1949cf8c6b5b557f/getrandom-0.3.4/src/lib.rs --error-format=json --json=diagnostic-rendered-ansi,artifacts,future-incompat --crate-type lib --emit=dep-info,metadata,link -C embed-bitcode=no -C debuginfo=2 --warn=unexpected_cfgs --check-cfg 'cfg(getrandom_backend, values("custom", "efi_rng", "rdrand", "rndr", "linux_getrandom", "linux_raw", "wasm_js", "windows_legacy", "unsupported"))' --check-cfg 'cfg(getrandom_msan)' --check-cfg 'cfg(getrandom_test_linux_fallback)' --check-cfg 'cfg(getrandom_test_linux_without_fallback)' --check-cfg 'cfg(getrandom_test_netbsd_fallback)' --check-cfg 'cfg(target_os, values("cygwin"))' --check-cfg 'cfg(docsrs,test)' --check-cfg 'cfg(feature, values("std", "wasm_js"))' -C metadata=8ca69245e4b647b1 -C extra-filename=-8d75653c6e30d2ff --out-dir /tmp/cargo-mutants-app-5Mc7Jj.tmp/target/debug/deps -L dependency=/tmp/cargo-mutants-app-5Mc7Jj.tmp/target/debug/deps --extern cfg_if=/tmp/cargo-mutants-app-5Mc7Jj.tmp/target/debug/deps/libcfg_if-2d20780be38939e6.rmeta --extern libc=/tmp/cargo-mutants-app-5Mc7Jj.tmp/target/debug/deps/liblibc-c3bf4cf3553bb91d.rmeta --cap-lints allow`
   Compiling stacker v0.1.23
     Running `/home/jules/.rustup/toolchains/stable-x86_64-unknown-linux-gnu/bin/rustc --crate-name build_script_build --edition=2021 /home/jules/.cargo/registry/src/index.crates.io-1949cf8c6b5b557f/stacker-0.1.23/build.rs --error-format=json --json=diagnostic-rendered-ansi,artifacts,future-incompat --crate-type bin --emit=dep-info,link -C embed-bitcode=no --check-cfg 'cfg(docsrs,test)' --check-cfg 'cfg(feature, values())' -C metadata=b59a9c07728161c1 -C extra-filename=-c953d1add775825c --out-dir /tmp/cargo-mutants-app-5Mc7Jj.tmp/target/debug/build/stacker-c953d1add775825c -L dependency=/tmp/cargo-mutants-app-5Mc7Jj.tmp/target/debug/deps --extern cc=/tmp/cargo-mutants-app-5Mc7Jj.tmp/target/debug/deps/libcc-297dab0bdb367632.rlib --cap-lints allow`
   Compiling scopeguard v1.2.0
     Running `/home/jules/.rustup/toolchains/stable-x86_64-unknown-linux-gnu/bin/rustc --crate-name scopeguard --edition=2015 /home/jules/.cargo/registry/src/index.crates.io-1949cf8c6b5b557f/scopeguard-1.2.0/src/lib.rs --error-format=json --json=diagnostic-rendered-ansi,artifacts,future-incompat --crate-type lib --emit=dep-info,metadata,link -C embed-bitcode=no -C debuginfo=2 --check-cfg 'cfg(docsrs,test)' --check-cfg 'cfg(feature, values("default", "use_std"))' -C metadata=273311da68246b9a -C extra-filename=-84f01c100fc6352c --out-dir /tmp/cargo-mutants-app-5Mc7Jj.tmp/target/debug/deps -L dependency=/tmp/cargo-mutants-app-5Mc7Jj.tmp/target/debug/deps --cap-lints allow`
   Compiling allocator-api2 v0.2.21
     Running `/home/jules/.rustup/toolchains/stable-x86_64-unknown-linux-gnu/bin/rustc --crate-name allocator_api2 --edition=2018 /home/jules/.cargo/registry/src/index.crates.io-1949cf8c6b5b557f/allocator-api2-0.2.21/src/lib.rs --error-format=json --json=diagnostic-rendered-ansi,artifacts,future-incompat --crate-type lib --emit=dep-info,metadata,link -C embed-bitcode=no -C debuginfo=2 --warn=unexpected_cfgs --check-cfg 'cfg(no_global_oom_handling)' --cfg 'feature="alloc"' --check-cfg 'cfg(docsrs,test)' --check-cfg 'cfg(feature, values("alloc", "default", "fresh-rust", "nightly", "serde", "std"))' -C metadata=9d72aef7200755b4 -C extra-filename=-ef64a8b778a4d7bb --out-dir /tmp/cargo-mutants-app-5Mc7Jj.tmp/target/debug/deps -L dependency=/tmp/cargo-mutants-app-5Mc7Jj.tmp/target/debug/deps --cap-lints allow`
   Compiling equivalent v1.0.2
     Running `/home/jules/.rustup/toolchains/stable-x86_64-unknown-linux-gnu/bin/rustc --crate-name equivalent --edition=2015 /home/jules/.cargo/registry/src/index.crates.io-1949cf8c6b5b557f/equivalent-1.0.2/src/lib.rs --error-format=json --json=diagnostic-rendered-ansi,artifacts,future-incompat --crate-type lib --emit=dep-info,metadata,link -C embed-bitcode=no -C debuginfo=2 --check-cfg 'cfg(docsrs,test)' --check-cfg 'cfg(feature, values())' -C metadata=e431f181f4315f15 -C extra-filename=-f21520b87b6b0b4e --out-dir /tmp/cargo-mutants-app-5Mc7Jj.tmp/target/debug/deps -L dependency=/tmp/cargo-mutants-app-5Mc7Jj.tmp/target/debug/deps --cap-lints allow`
   Compiling once_cell v1.21.3
     Running `/home/jules/.rustup/toolchains/stable-x86_64-unknown-linux-gnu/bin/rustc --crate-name once_cell --edition=2021 /home/jules/.cargo/registry/src/index.crates.io-1949cf8c6b5b557f/once_cell-1.21.3/src/lib.rs --error-format=json --json=diagnostic-rendered-ansi,artifacts,future-incompat --crate-type lib --emit=dep-info,metadata,link -C embed-bitcode=no -C debuginfo=2 --cfg 'feature="alloc"' --cfg 'feature="default"' --cfg 'feature="race"' --cfg 'feature="std"' --check-cfg 'cfg(docsrs,test)' --check-cfg 'cfg(feature, values("alloc", "atomic-polyfill", "critical-section", "default", "parking_lot", "portable-atomic", "race", "std", "unstable"))' -C metadata=4ebc13f8811a5f2c -C extra-filename=-b5726b916b3362ce --out-dir /tmp/cargo-mutants-app-5Mc7Jj.tmp/target/debug/deps -L dependency=/tmp/cargo-mutants-app-5Mc7Jj.tmp/target/debug/deps --cap-lints allow`
   Compiling smallvec v1.15.1
     Running `/home/jules/.rustup/toolchains/stable-x86_64-unknown-linux-gnu/bin/rustc --crate-name smallvec --edition=2018 /home/jules/.cargo/registry/src/index.crates.io-1949cf8c6b5b557f/smallvec-1.15.1/src/lib.rs --error-format=json --json=diagnostic-rendered-ansi,artifacts,future-incompat --crate-type lib --emit=dep-info,metadata,link -C embed-bitcode=no -C debuginfo=2 --check-cfg 'cfg(docsrs,test)' --check-cfg 'cfg(feature, values("arbitrary", "bincode", "const_generics", "const_new", "debugger_visualizer", "drain_filter", "drain_keep_rest", "impl_bincode", "malloc_size_of", "may_dangle", "serde", "specialization", "union", "unty", "write"))' -C metadata=4780c5ae3c505a56 -C extra-filename=-4c1e029acc7d9e07 --out-dir /tmp/cargo-mutants-app-5Mc7Jj.tmp/target/debug/deps -L dependency=/tmp/cargo-mutants-app-5Mc7Jj.tmp/target/debug/deps --cap-lints allow`
     Running `/home/jules/.rustup/toolchains/stable-x86_64-unknown-linux-gnu/bin/rustc --crate-name thiserror --edition=2021 /home/jules/.cargo/registry/src/index.crates.io-1949cf8c6b5b557f/thiserror-2.0.18/src/lib.rs --error-format=json --json=diagnostic-rendered-ansi,artifacts,future-incompat --crate-type lib --emit=dep-info,metadata,link -C embed-bitcode=no -C debuginfo=2 --cfg 'feature="default"' --cfg 'feature="std"' --check-cfg 'cfg(docsrs,test)' --check-cfg 'cfg(feature, values("default", "std"))' -C metadata=d9594ddb6289532a -C extra-filename=-9b12870a943c1fc2 --out-dir /tmp/cargo-mutants-app-5Mc7Jj.tmp/target/debug/deps -L dependency=/tmp/cargo-mutants-app-5Mc7Jj.tmp/target/debug/deps --extern thiserror_impl=/tmp/cargo-mutants-app-5Mc7Jj.tmp/target/debug/deps/libthiserror_impl-f0fdeb54e7a66b80.so --cap-lints allow --check-cfg 'cfg(error_generic_member_access)' --check-cfg 'cfg(thiserror_nightly_testing)' --check-cfg 'cfg(thiserror_no_backtrace_type)'`
     Running `/home/jules/.rustup/toolchains/stable-x86_64-unknown-linux-gnu/bin/rustc --crate-name ahash --edition=2018 /home/jules/.cargo/registry/src/index.crates.io-1949cf8c6b5b557f/ahash-0.8.12/src/lib.rs --error-format=json --json=diagnostic-rendered-ansi,artifacts,future-incompat --crate-type lib --emit=dep-info,metadata,link -C embed-bitcode=no -C debuginfo=2 --cfg 'feature="default"' --cfg 'feature="getrandom"' --cfg 'feature="runtime-rng"' --cfg 'feature="std"' --check-cfg 'cfg(docsrs,test)' --check-cfg 'cfg(feature, values("atomic-polyfill", "compile-time-rng", "const-random", "default", "getrandom", "nightly-arm-aes", "no-rng", "runtime-rng", "serde", "std"))' -C metadata=f03419360a4ce141 -C extra-filename=-be8fba9f84919843 --out-dir /tmp/cargo-mutants-app-5Mc7Jj.tmp/target/debug/deps -L dependency=/tmp/cargo-mutants-app-5Mc7Jj.tmp/target/debug/deps --extern cfg_if=/tmp/cargo-mutants-app-5Mc7Jj.tmp/target/debug/deps/libcfg_if-2d20780be38939e6.rmeta --extern getrandom=/tmp/cargo-mutants-app-5Mc7Jj.tmp/target/debug/deps/libgetrandom-8d75653c6e30d2ff.rmeta --extern once_cell=/tmp/cargo-mutants-app-5Mc7Jj.tmp/target/debug/deps/libonce_cell-b5726b916b3362ce.rmeta --extern zerocopy=/tmp/cargo-mutants-app-5Mc7Jj.tmp/target/debug/deps/libzerocopy-01cd04a58e8782d6.rmeta --cap-lints allow --cfg folded_multiply --check-cfg 'cfg(specialize)' --check-cfg 'cfg(folded_multiply)'`
   Compiling lock_api v0.4.14
     Running `/home/jules/.rustup/toolchains/stable-x86_64-unknown-linux-gnu/bin/rustc --crate-name lock_api --edition=2021 /home/jules/.cargo/registry/src/index.crates.io-1949cf8c6b5b557f/lock_api-0.4.14/src/lib.rs --error-format=json --json=diagnostic-rendered-ansi,artifacts,future-incompat --crate-type lib --emit=dep-info,metadata,link -C embed-bitcode=no -C debuginfo=2 --cfg 'feature="atomic_usize"' --cfg 'feature="default"' --check-cfg 'cfg(docsrs,test)' --check-cfg 'cfg(feature, values("arc_lock", "atomic_usize", "default", "nightly", "owning_ref", "serde"))' -C metadata=f62c0a76ffc20eeb -C extra-filename=-010fe42e762642f2 --out-dir /tmp/cargo-mutants-app-5Mc7Jj.tmp/target/debug/deps -L dependency=/tmp/cargo-mutants-app-5Mc7Jj.tmp/target/debug/deps --extern scopeguard=/tmp/cargo-mutants-app-5Mc7Jj.tmp/target/debug/deps/libscopeguard-84f01c100fc6352c.rmeta --cap-lints allow`
     Running `/home/jules/.rustup/toolchains/stable-x86_64-unknown-linux-gnu/bin/rustc --crate-name parking_lot_core --edition=2021 /home/jules/.cargo/registry/src/index.crates.io-1949cf8c6b5b557f/parking_lot_core-0.9.12/src/lib.rs --error-format=json --json=diagnostic-rendered-ansi,artifacts,future-incompat --crate-type lib --emit=dep-info,metadata,link -C embed-bitcode=no -C debuginfo=2 --check-cfg 'cfg(docsrs,test)' --check-cfg 'cfg(feature, values("backtrace", "deadlock_detection", "nightly", "petgraph"))' -C metadata=b083367115687346 -C extra-filename=-545d88f0e9f4e21b --out-dir /tmp/cargo-mutants-app-5Mc7Jj.tmp/target/debug/deps -L dependency=/tmp/cargo-mutants-app-5Mc7Jj.tmp/target/debug/deps --extern cfg_if=/tmp/cargo-mutants-app-5Mc7Jj.tmp/target/debug/deps/libcfg_if-2d20780be38939e6.rmeta --extern libc=/tmp/cargo-mutants-app-5Mc7Jj.tmp/target/debug/deps/liblibc-c3bf4cf3553bb91d.rmeta --extern smallvec=/tmp/cargo-mutants-app-5Mc7Jj.tmp/target/debug/deps/libsmallvec-4c1e029acc7d9e07.rmeta --cap-lints allow --check-cfg 'cfg(tsan_enabled)'`
     Running `/tmp/cargo-mutants-app-5Mc7Jj.tmp/target/debug/build/stacker-c953d1add775825c/build-script-build`
   Compiling polars-arrow-format v0.1.0
     Running `/home/jules/.rustup/toolchains/stable-x86_64-unknown-linux-gnu/bin/rustc --crate-name polars_arrow_format --edition=2018 /home/jules/.cargo/registry/src/index.crates.io-1949cf8c6b5b557f/polars-arrow-format-0.1.0/src/lib.rs --error-format=json --json=diagnostic-rendered-ansi,artifacts,future-incompat --crate-type lib --emit=dep-info,metadata,link -C embed-bitcode=no -C debuginfo=2 --cfg 'feature="default"' --cfg 'feature="ipc"' --cfg 'feature="planus"' --cfg 'feature="serde"' --check-cfg 'cfg(docsrs,test)' --check-cfg 'cfg(feature, values("default", "flight-data", "flight-service", "full", "ipc", "planus", "prost", "prost-derive", "serde", "tonic"))' -C metadata=6ca4560d0786c8d9 -C extra-filename=-90b1e0fd2e3529b4 --out-dir /tmp/cargo-mutants-app-5Mc7Jj.tmp/target/debug/deps -L dependency=/tmp/cargo-mutants-app-5Mc7Jj.tmp/target/debug/deps --extern planus=/tmp/cargo-mutants-app-5Mc7Jj.tmp/target/debug/deps/libplanus-a298ba94a607d061.rmeta --extern serde=/tmp/cargo-mutants-app-5Mc7Jj.tmp/target/debug/deps/libserde-70a5bd18eecd04f2.rmeta --cap-lints allow`
   Compiling rand_chacha v0.3.1
     Running `/home/jules/.rustup/toolchains/stable-x86_64-unknown-linux-gnu/bin/rustc --crate-name rand_chacha --edition=2018 /home/jules/.cargo/registry/src/index.crates.io-1949cf8c6b5b557f/rand_chacha-0.3.1/src/lib.rs --error-format=json --json=diagnostic-rendered-ansi,artifacts,future-incompat --crate-type lib --emit=dep-info,metadata,link -C embed-bitcode=no -C debuginfo=2 --cfg 'feature="std"' --check-cfg 'cfg(docsrs,test)' --check-cfg 'cfg(feature, values("default", "serde", "serde1", "simd", "std"))' -C metadata=5a460a21aca0bb09 -C extra-filename=-4a466d3dc93e5268 --out-dir /tmp/cargo-mutants-app-5Mc7Jj.tmp/target/debug/deps -L dependency=/tmp/cargo-mutants-app-5Mc7Jj.tmp/target/debug/deps --extern ppv_lite86=/tmp/cargo-mutants-app-5Mc7Jj.tmp/target/debug/deps/libppv_lite86-8b21ea8f496e802a.rmeta --extern rand_core=/tmp/cargo-mutants-app-5Mc7Jj.tmp/target/debug/deps/librand_core-4f6705fa65901a3c.rmeta --cap-lints allow`
   Compiling castaway v0.2.4
     Running `/home/jules/.rustup/toolchains/stable-x86_64-unknown-linux-gnu/bin/rustc --crate-name castaway --edition=2018 /home/jules/.cargo/registry/src/index.crates.io-1949cf8c6b5b557f/castaway-0.2.4/src/lib.rs --error-format=json --json=diagnostic-rendered-ansi,artifacts,future-incompat --crate-type lib --emit=dep-info,metadata,link -C embed-bitcode=no -C debuginfo=2 --cfg 'feature="alloc"' --check-cfg 'cfg(docsrs,test)' --check-cfg 'cfg(feature, values("alloc", "default", "std"))' -C metadata=7c0e2fd1cbf895ec -C extra-filename=-0b7e961268029801 --out-dir /tmp/cargo-mutants-app-5Mc7Jj.tmp/target/debug/deps -L dependency=/tmp/cargo-mutants-app-5Mc7Jj.tmp/target/debug/deps --extern rustversion=/tmp/cargo-mutants-app-5Mc7Jj.tmp/target/debug/deps/librustversion-211bfd3963d3ccb8.so --cap-lints allow`
   Compiling bytemuck_derive v1.10.2
     Running `/home/jules/.rustup/toolchains/stable-x86_64-unknown-linux-gnu/bin/rustc --crate-name bytemuck_derive --edition=2018 /home/jules/.cargo/registry/src/index.crates.io-1949cf8c6b5b557f/bytemuck_derive-1.10.2/src/lib.rs --error-format=json --json=diagnostic-rendered-ansi,artifacts,future-incompat --crate-type proc-macro --emit=dep-info,link -C prefer-dynamic -C embed-bitcode=no --check-cfg 'cfg(docsrs,test)' --check-cfg 'cfg(feature, values())' -C metadata=e9ad9249b8be4320 -C extra-filename=-0752365fd79c9201 --out-dir /tmp/cargo-mutants-app-5Mc7Jj.tmp/target/debug/deps -L dependency=/tmp/cargo-mutants-app-5Mc7Jj.tmp/target/debug/deps --extern proc_macro2=/tmp/cargo-mutants-app-5Mc7Jj.tmp/target/debug/deps/libproc_macro2-00cf4115453f001d.rlib --extern quote=/tmp/cargo-mutants-app-5Mc7Jj.tmp/target/debug/deps/libquote-39b5d25cd1a71316.rlib --extern syn=/tmp/cargo-mutants-app-5Mc7Jj.tmp/target/debug/deps/libsyn-62e14bef2bdce4b5.rlib --extern proc_macro --cap-lints allow`
   Compiling regex v1.12.3
     Running `/home/jules/.rustup/toolchains/stable-x86_64-unknown-linux-gnu/bin/rustc --crate-name regex --edition=2021 /home/jules/.cargo/registry/src/index.crates.io-1949cf8c6b5b557f/regex-1.12.3/src/lib.rs --error-format=json --json=diagnostic-rendered-ansi,artifacts,future-incompat --crate-type lib --emit=dep-info,metadata,link -C embed-bitcode=no -C debuginfo=2 --allow=unexpected_cfgs --check-cfg 'cfg(docsrs_regex)' --cfg 'feature="default"' --cfg 'feature="perf"' --cfg 'feature="perf-backtrack"' --cfg 'feature="perf-cache"' --cfg 'feature="perf-dfa"' --cfg 'feature="perf-inline"' --cfg 'feature="perf-literal"' --cfg 'feature="perf-onepass"' --cfg 'feature="std"' --cfg 'feature="unicode"' --cfg 'feature="unicode-age"' --cfg 'feature="unicode-bool"' --cfg 'feature="unicode-case"' --cfg 'feature="unicode-gencat"' --cfg 'feature="unicode-perl"' --cfg 'feature="unicode-script"' --cfg 'feature="unicode-segment"' --check-cfg 'cfg(docsrs,test)' --check-cfg 'cfg(feature, values("default", "logging", "pattern", "perf", "perf-backtrack", "perf-cache", "perf-dfa", "perf-dfa-full", "perf-inline", "perf-literal", "perf-onepass", "std", "unicode", "unicode-age", "unicode-bool", "unicode-case", "unicode-gencat", "unicode-perl", "unicode-script", "unicode-segment", "unstable", "use_std"))' -C metadata=d7aff329b263f415 -C extra-filename=-dcd422618137dd28 --out-dir /tmp/cargo-mutants-app-5Mc7Jj.tmp/target/debug/deps -L dependency=/tmp/cargo-mutants-app-5Mc7Jj.tmp/target/debug/deps --extern aho_corasick=/tmp/cargo-mutants-app-5Mc7Jj.tmp/target/debug/deps/libaho_corasick-23f57d822c2670c1.rmeta --extern memchr=/tmp/cargo-mutants-app-5Mc7Jj.tmp/target/debug/deps/libmemchr-616198ed82ec96a9.rmeta --extern regex_automata=/tmp/cargo-mutants-app-5Mc7Jj.tmp/target/debug/deps/libregex_automata-37f6a66b074e9728.rmeta --extern regex_syntax=/tmp/cargo-mutants-app-5Mc7Jj.tmp/target/debug/deps/libregex_syntax-813d5de08f30705c.rmeta --cap-lints allow`
     Running `/home/jules/.rustup/toolchains/stable-x86_64-unknown-linux-gnu/bin/rustc --crate-name psm --edition=2021 /home/jules/.cargo/registry/src/index.crates.io-1949cf8c6b5b557f/psm-0.1.30/src/lib.rs --error-format=json --json=diagnostic-rendered-ansi,artifacts,future-incompat --crate-type lib --emit=dep-info,metadata,link -C embed-bitcode=no -C debuginfo=2 --check-cfg 'cfg(docsrs,test)' --check-cfg 'cfg(feature, values())' -C metadata=084cc9cff875080d -C extra-filename=-5dff43e394fe252c --out-dir /tmp/cargo-mutants-app-5Mc7Jj.tmp/target/debug/deps -L dependency=/tmp/cargo-mutants-app-5Mc7Jj.tmp/target/debug/deps --cap-lints allow -L native=/tmp/cargo-mutants-app-5Mc7Jj.tmp/target/debug/build/psm-1a7be8e56d046b88/out -l static=psm_s --cfg asm --cfg link_asm --cfg switchable_stack --check-cfg 'cfg(switchable_stack,asm,link_asm)'`
   Compiling polars-utils v0.46.0
     Running `/home/jules/.rustup/toolchains/stable-x86_64-unknown-linux-gnu/bin/rustc --crate-name build_script_build --edition=2021 /home/jules/.cargo/registry/src/index.crates.io-1949cf8c6b5b557f/polars-utils-0.46.0/build.rs --error-format=json --json=diagnostic-rendered-ansi,artifacts,future-incompat --crate-type bin --emit=dep-info,link -C embed-bitcode=no --cfg 'feature="memmap"' --cfg 'feature="mmap"' --check-cfg 'cfg(docsrs,test)' --check-cfg 'cfg(feature, values("bigidx", "ir_serde", "memmap", "mmap", "nightly", "pyo3", "python", "serde", "sysinfo"))' -C metadata=163d2386ebcb874c -C extra-filename=-1df20b02a6b5cd16 --out-dir /tmp/cargo-mutants-app-5Mc7Jj.tmp/target/debug/build/polars-utils-1df20b02a6b5cd16 -L dependency=/tmp/cargo-mutants-app-5Mc7Jj.tmp/target/debug/deps --extern version_check=/tmp/cargo-mutants-app-5Mc7Jj.tmp/target/debug/deps/libversion_check-e67c589c3c1ced77.rlib --cap-lints allow`
   Compiling siphasher v1.0.2
     Running `/home/jules/.rustup/toolchains/stable-x86_64-unknown-linux-gnu/bin/rustc --crate-name siphasher --edition=2018 /home/jules/.cargo/registry/src/index.crates.io-1949cf8c6b5b557f/siphasher-1.0.2/src/lib.rs --error-format=json --json=diagnostic-rendered-ansi,artifacts,future-incompat --crate-type lib --emit=dep-info,metadata,link -C embed-bitcode=no -C debuginfo=2 --cfg 'feature="default"' --cfg 'feature="std"' --check-cfg 'cfg(docsrs,test)' --check-cfg 'cfg(feature, values("default", "serde", "serde_json", "serde_no_std", "serde_std", "std"))' -C metadata=5ed3345d6aa74ef8 -C extra-filename=-c8df95d2f74d12c2 --out-dir /tmp/cargo-mutants-app-5Mc7Jj.tmp/target/debug/deps -L dependency=/tmp/cargo-mutants-app-5Mc7Jj.tmp/target/debug/deps --cap-lints allow`
   Compiling itoa v1.0.17
     Running `/home/jules/.rustup/toolchains/stable-x86_64-unknown-linux-gnu/bin/rustc --crate-name itoa --edition=2021 /home/jules/.cargo/registry/src/index.crates.io-1949cf8c6b5b557f/itoa-1.0.17/src/lib.rs --error-format=json --json=diagnostic-rendered-ansi,artifacts,future-incompat --crate-type lib --emit=dep-info,metadata,link -C embed-bitcode=no -C debuginfo=2 --check-cfg 'cfg(docsrs,test)' --check-cfg 'cfg(feature, values("no-panic"))' -C metadata=26309a7996e19821 -C extra-filename=-4cc2b507f1665552 --out-dir /tmp/cargo-mutants-app-5Mc7Jj.tmp/target/debug/deps -L dependency=/tmp/cargo-mutants-app-5Mc7Jj.tmp/target/debug/deps --cap-lints allow`
   Compiling ryu v1.0.23
     Running `/home/jules/.rustup/toolchains/stable-x86_64-unknown-linux-gnu/bin/rustc --crate-name ryu --edition=2021 /home/jules/.cargo/registry/src/index.crates.io-1949cf8c6b5b557f/ryu-1.0.23/src/lib.rs --error-format=json --json=diagnostic-rendered-ansi,artifacts,future-incompat --crate-type lib --emit=dep-info,metadata,link -C embed-bitcode=no -C debuginfo=2 --check-cfg 'cfg(docsrs,test)' --check-cfg 'cfg(feature, values("no-panic", "small"))' -C metadata=d067a51d9901f50a -C extra-filename=-6ef78f0276eea702 --out-dir /tmp/cargo-mutants-app-5Mc7Jj.tmp/target/debug/deps -L dependency=/tmp/cargo-mutants-app-5Mc7Jj.tmp/target/debug/deps --cap-lints allow`
   Compiling static_assertions v1.1.0
     Running `/home/jules/.rustup/toolchains/stable-x86_64-unknown-linux-gnu/bin/rustc --crate-name static_assertions --edition=2015 /home/jules/.cargo/registry/src/index.crates.io-1949cf8c6b5b557f/static_assertions-1.1.0/src/lib.rs --error-format=json --json=diagnostic-rendered-ansi,artifacts,future-incompat --crate-type lib --emit=dep-info,metadata,link -C embed-bitcode=no -C debuginfo=2 --check-cfg 'cfg(docsrs,test)' --check-cfg 'cfg(feature, values("nightly"))' -C metadata=5ae1930e3766cd21 -C extra-filename=-65faf4584da7192b --out-dir /tmp/cargo-mutants-app-5Mc7Jj.tmp/target/debug/deps -L dependency=/tmp/cargo-mutants-app-5Mc7Jj.tmp/target/debug/deps --cap-lints allow`
   Compiling simdutf8 v0.1.5
     Running `/home/jules/.rustup/toolchains/stable-x86_64-unknown-linux-gnu/bin/rustc --crate-name simdutf8 --edition=2018 /home/jules/.cargo/registry/src/index.crates.io-1949cf8c6b5b557f/simdutf8-0.1.5/src/lib.rs --error-format=json --json=diagnostic-rendered-ansi,artifacts,future-incompat --crate-type lib --emit=dep-info,metadata,link -C embed-bitcode=no -C debuginfo=2 --cfg 'feature="default"' --cfg 'feature="std"' --check-cfg 'cfg(docsrs,test)' --check-cfg 'cfg(feature, values("aarch64_neon", "aarch64_neon_prefetch", "default", "hints", "public_imp", "std"))' -C metadata=6b1495b40e3bd752 -C extra-filename=-fa3f5a8fb46df626 --out-dir /tmp/cargo-mutants-app-5Mc7Jj.tmp/target/debug/deps -L dependency=/tmp/cargo-mutants-app-5Mc7Jj.tmp/target/debug/deps --cap-lints allow`
   Compiling iana-time-zone v0.1.65
     Running `/home/jules/.rustup/toolchains/stable-x86_64-unknown-linux-gnu/bin/rustc --crate-name iana_time_zone --edition=2021 /home/jules/.cargo/registry/src/index.crates.io-1949cf8c6b5b557f/iana-time-zone-0.1.65/src/lib.rs --error-format=json --json=diagnostic-rendered-ansi,artifacts,future-incompat --crate-type lib --emit=dep-info,metadata,link -C embed-bitcode=no -C debuginfo=2 --cfg 'feature="fallback"' --check-cfg 'cfg(docsrs,test)' --check-cfg 'cfg(feature, values("fallback"))' -C metadata=b794cce4f131aa21 -C extra-filename=-9725c83a62627fee --out-dir /tmp/cargo-mutants-app-5Mc7Jj.tmp/target/debug/deps -L dependency=/tmp/cargo-mutants-app-5Mc7Jj.tmp/target/debug/deps --cap-lints allow`
   Compiling hashbrown v0.16.1
     Running `/home/jules/.rustup/toolchains/stable-x86_64-unknown-linux-gnu/bin/rustc --crate-name hashbrown --edition=2021 /home/jules/.cargo/registry/src/index.crates.io-1949cf8c6b5b557f/hashbrown-0.16.1/src/lib.rs --error-format=json --json=diagnostic-rendered-ansi,artifacts,future-incompat --crate-type lib --emit=dep-info,metadata,link -C embed-bitcode=no -C debuginfo=2 --check-cfg 'cfg(docsrs,test)' --check-cfg 'cfg(feature, values("alloc", "allocator-api2", "core", "default", "default-hasher", "equivalent", "inline-more", "nightly", "raw-entry", "rayon", "rustc-dep-of-std", "rustc-internal-api", "serde"))' -C metadata=e857cdc6d9a26f02 -C extra-filename=-bf1fbb81392d8843 --out-dir /tmp/cargo-mutants-app-5Mc7Jj.tmp/target/debug/deps -L dependency=/tmp/cargo-mutants-app-5Mc7Jj.tmp/target/debug/deps --cap-lints allow`
   Compiling foldhash v0.1.5
     Running `/home/jules/.rustup/toolchains/stable-x86_64-unknown-linux-gnu/bin/rustc --crate-name foldhash --edition=2021 /home/jules/.cargo/registry/src/index.crates.io-1949cf8c6b5b557f/foldhash-0.1.5/src/lib.rs --error-format=json --json=diagnostic-rendered-ansi,artifacts,future-incompat --crate-type lib --emit=dep-info,metadata,link -C embed-bitcode=no -C debuginfo=2 --check-cfg 'cfg(docsrs,test)' --check-cfg 'cfg(feature, values("default", "std"))' -C metadata=a33ae72ed2fbe88b -C extra-filename=-7582f7034432d3d1 --out-dir /tmp/cargo-mutants-app-5Mc7Jj.tmp/target/debug/deps -L dependency=/tmp/cargo-mutants-app-5Mc7Jj.tmp/target/debug/deps --cap-lints allow`
   Compiling bytemuck v1.25.0
     Running `/home/jules/.rustup/toolchains/stable-x86_64-unknown-linux-gnu/bin/rustc --crate-name bytemuck --edition=2018 /home/jules/.cargo/registry/src/index.crates.io-1949cf8c6b5b557f/bytemuck-1.25.0/src/lib.rs --error-format=json --json=diagnostic-rendered-ansi,artifacts,future-incompat --crate-type lib --emit=dep-info,metadata,link -C embed-bitcode=no -C debuginfo=2 --deny=unexpected_cfgs --check-cfg 'cfg(target_arch, values("spirv"))' --cfg 'feature="bytemuck_derive"' --cfg 'feature="derive"' --cfg 'feature="extern_crate_alloc"' --cfg 'feature="must_cast"' --check-cfg 'cfg(docsrs,test)' --check-cfg 'cfg(feature, values("aarch64_simd", "align_offset", "alloc_uninit", "avx512_simd", "bytemuck_derive", "const_zeroed", "derive", "extern_crate_alloc", "extern_crate_std", "impl_core_error", "latest_stable_rust", "min_const_generics", "must_cast", "must_cast_extra", "nightly_docs", "nightly_float", "nightly_portable_simd", "nightly_stdsimd", "pod_saturating", "rustversion", "track_caller", "transparentwrapper_extra", "unsound_ptr_pod_impl", "wasm_simd", "zeroable_atomics", "zeroable_maybe_uninit", "zeroable_unwind_fn"))' -C metadata=1fec2b98adc46d31 -C extra-filename=-e8d55e7d8cdd09e7 --out-dir /tmp/cargo-mutants-app-5Mc7Jj.tmp/target/debug/deps -L dependency=/tmp/cargo-mutants-app-5Mc7Jj.tmp/target/debug/deps --extern bytemuck_derive=/tmp/cargo-mutants-app-5Mc7Jj.tmp/target/debug/deps/libbytemuck_derive-0752365fd79c9201.so --cap-lints allow`
   Compiling hashbrown v0.15.5
     Running `/home/jules/.rustup/toolchains/stable-x86_64-unknown-linux-gnu/bin/rustc --crate-name hashbrown --edition=2021 /home/jules/.cargo/registry/src/index.crates.io-1949cf8c6b5b557f/hashbrown-0.15.5/src/lib.rs --error-format=json --json=diagnostic-rendered-ansi,artifacts,future-incompat --crate-type lib --emit=dep-info,metadata,link -C embed-bitcode=no -C debuginfo=2 --cfg 'feature="allocator-api2"' --cfg 'feature="default"' --cfg 'feature="default-hasher"' --cfg 'feature="equivalent"' --cfg 'feature="inline-more"' --cfg 'feature="raw-entry"' --cfg 'feature="rayon"' --cfg 'feature="serde"' --check-cfg 'cfg(docsrs,test)' --check-cfg 'cfg(feature, values("alloc", "allocator-api2", "core", "default", "default-hasher", "equivalent", "inline-more", "nightly", "raw-entry", "rayon", "rustc-dep-of-std", "rustc-internal-api", "serde"))' -C metadata=cec0f89b5f7ed750 -C extra-filename=-3e65625f637b5acf --out-dir /tmp/cargo-mutants-app-5Mc7Jj.tmp/target/debug/deps -L dependency=/tmp/cargo-mutants-app-5Mc7Jj.tmp/target/debug/deps --extern allocator_api2=/tmp/cargo-mutants-app-5Mc7Jj.tmp/target/debug/deps/liballocator_api2-ef64a8b778a4d7bb.rmeta --extern equivalent=/tmp/cargo-mutants-app-5Mc7Jj.tmp/target/debug/deps/libequivalent-f21520b87b6b0b4e.rmeta --extern foldhash=/tmp/cargo-mutants-app-5Mc7Jj.tmp/target/debug/deps/libfoldhash-7582f7034432d3d1.rmeta --extern rayon=/tmp/cargo-mutants-app-5Mc7Jj.tmp/target/debug/deps/librayon-c6f9b3718461f2f0.rmeta --extern serde=/tmp/cargo-mutants-app-5Mc7Jj.tmp/target/debug/deps/libserde-70a5bd18eecd04f2.rmeta --cap-lints allow`
   Compiling chrono v0.4.43
     Running `/home/jules/.rustup/toolchains/stable-x86_64-unknown-linux-gnu/bin/rustc --crate-name chrono --edition=2021 /home/jules/.cargo/registry/src/index.crates.io-1949cf8c6b5b557f/chrono-0.4.43/src/lib.rs --error-format=json --json=diagnostic-rendered-ansi,artifacts,future-incompat --crate-type lib --emit=dep-info,metadata,link -C embed-bitcode=no -C debuginfo=2 --cfg 'feature="alloc"' --cfg 'feature="clock"' --cfg 'feature="default"' --cfg 'feature="iana-time-zone"' --cfg 'feature="js-sys"' --cfg 'feature="now"' --cfg 'feature="oldtime"' --cfg 'feature="std"' --cfg 'feature="wasm-bindgen"' --cfg 'feature="wasmbind"' --cfg 'feature="winapi"' --cfg 'feature="windows-link"' --check-cfg 'cfg(docsrs,test)' --check-cfg 'cfg(feature, values("__internal_bench", "alloc", "arbitrary", "clock", "core-error", "default", "defmt", "iana-time-zone", "js-sys", "libc", "now", "oldtime", "pure-rust-locales", "rkyv", "rkyv-16", "rkyv-32", "rkyv-64", "rkyv-validation", "serde", "std", "unstable-locales", "wasm-bindgen", "wasmbind", "winapi", "windows-link"))' -C metadata=3d7863d9962c58f3 -C extra-filename=-08cab49df96f7b7e --out-dir /tmp/cargo-mutants-app-5Mc7Jj.tmp/target/debug/deps -L dependency=/tmp/cargo-mutants-app-5Mc7Jj.tmp/target/debug/deps --extern iana_time_zone=/tmp/cargo-mutants-app-5Mc7Jj.tmp/target/debug/deps/libiana_time_zone-9725c83a62627fee.rmeta --extern num_traits=/tmp/cargo-mutants-app-5Mc7Jj.tmp/target/debug/deps/libnum_traits-316037dbacd03ba5.rmeta --cap-lints allow`
   Compiling indexmap v2.13.0
     Running `/home/jules/.rustup/toolchains/stable-x86_64-unknown-linux-gnu/bin/rustc --crate-name indexmap --edition=2021 /home/jules/.cargo/registry/src/index.crates.io-1949cf8c6b5b557f/indexmap-2.13.0/src/lib.rs --error-format=json --json=diagnostic-rendered-ansi,artifacts,future-incompat --crate-type lib --emit=dep-info,metadata,link -C embed-bitcode=no -C debuginfo=2 --deny=unsafe-code --deny=unreachable-pub --deny=unnameable-types '--allow=clippy::style' --warn=rust-2018-idioms --deny=private-interfaces --deny=private-bounds --cfg 'feature="default"' --cfg 'feature="serde"' --cfg 'feature="std"' --check-cfg 'cfg(docsrs,test)' --check-cfg 'cfg(feature, values("arbitrary", "borsh", "default", "quickcheck", "rayon", "serde", "std", "sval", "test_debug"))' -C metadata=22f49dab96b59b05 -C extra-filename=-0a8f050184dac920 --out-dir /tmp/cargo-mutants-app-5Mc7Jj.tmp/target/debug/deps -L dependency=/tmp/cargo-mutants-app-5Mc7Jj.tmp/target/debug/deps --extern equivalent=/tmp/cargo-mutants-app-5Mc7Jj.tmp/target/debug/deps/libequivalent-f21520b87b6b0b4e.rmeta --extern hashbrown=/tmp/cargo-mutants-app-5Mc7Jj.tmp/target/debug/deps/libhashbrown-bf1fbb81392d8843.rmeta --extern serde_core=/tmp/cargo-mutants-app-5Mc7Jj.tmp/target/debug/deps/libserde_core-d4a722a22773e376.rmeta --cap-lints allow`
   Compiling polars-error v0.46.0
     Running `/home/jules/.rustup/toolchains/stable-x86_64-unknown-linux-gnu/bin/rustc --crate-name polars_error --edition=2021 /home/jules/.cargo/registry/src/index.crates.io-1949cf8c6b5b557f/polars-error-0.46.0/src/lib.rs --error-format=json --json=diagnostic-rendered-ansi,artifacts,future-incompat --crate-type lib --emit=dep-info,metadata,link -C embed-bitcode=no -C debuginfo=2 --cfg 'feature="arrow-format"' --cfg 'feature="regex"' --check-cfg 'cfg(docsrs,test)' --check-cfg 'cfg(feature, values("arrow-format", "avro-schema", "object_store", "python", "regex"))' -C metadata=5ca1fc213828bf4c -C extra-filename=-ff0e30f3a91e7e44 --out-dir /tmp/cargo-mutants-app-5Mc7Jj.tmp/target/debug/deps -L dependency=/tmp/cargo-mutants-app-5Mc7Jj.tmp/target/debug/deps --extern arrow_format=/tmp/cargo-mutants-app-5Mc7Jj.tmp/target/debug/deps/libpolars_arrow_format-90b1e0fd2e3529b4.rmeta --extern regex=/tmp/cargo-mutants-app-5Mc7Jj.tmp/target/debug/deps/libregex-dcd422618137dd28.rmeta --extern simdutf8=/tmp/cargo-mutants-app-5Mc7Jj.tmp/target/debug/deps/libsimdutf8-fa3f5a8fb46df626.rmeta --extern thiserror=/tmp/cargo-mutants-app-5Mc7Jj.tmp/target/debug/deps/libthiserror-9b12870a943c1fc2.rmeta --cap-lints allow`
   Compiling compact_str v0.8.1
     Running `/home/jules/.rustup/toolchains/stable-x86_64-unknown-linux-gnu/bin/rustc --crate-name compact_str --edition=2021 /home/jules/.cargo/registry/src/index.crates.io-1949cf8c6b5b557f/compact_str-0.8.1/src/lib.rs --error-format=json --json=diagnostic-rendered-ansi,artifacts,future-incompat --crate-type lib --emit=dep-info,metadata,link -C embed-bitcode=no -C debuginfo=2 --cfg 'feature="default"' --cfg 'feature="serde"' --cfg 'feature="std"' --check-cfg 'cfg(docsrs,test)' --check-cfg 'cfg(feature, values("arbitrary", "borsh", "bytes", "default", "diesel", "markup", "proptest", "quickcheck", "rkyv", "serde", "smallvec", "sqlx", "sqlx-mysql", "sqlx-postgres", "sqlx-sqlite", "std"))' -C metadata=c8be9d8d5b140973 -C extra-filename=-f344038ae969615f --out-dir /tmp/cargo-mutants-app-5Mc7Jj.tmp/target/debug/deps -L dependency=/tmp/cargo-mutants-app-5Mc7Jj.tmp/target/debug/deps --extern castaway=/tmp/cargo-mutants-app-5Mc7Jj.tmp/target/debug/deps/libcastaway-0b7e961268029801.rmeta --extern cfg_if=/tmp/cargo-mutants-app-5Mc7Jj.tmp/target/debug/deps/libcfg_if-2d20780be38939e6.rmeta --extern itoa=/tmp/cargo-mutants-app-5Mc7Jj.tmp/target/debug/deps/libitoa-4cc2b507f1665552.rmeta --extern rustversion=/tmp/cargo-mutants-app-5Mc7Jj.tmp/target/debug/deps/librustversion-211bfd3963d3ccb8.so --extern ryu=/tmp/cargo-mutants-app-5Mc7Jj.tmp/target/debug/deps/libryu-6ef78f0276eea702.rmeta --extern serde=/tmp/cargo-mutants-app-5Mc7Jj.tmp/target/debug/deps/libserde-70a5bd18eecd04f2.rmeta --extern static_assertions=/tmp/cargo-mutants-app-5Mc7Jj.tmp/target/debug/deps/libstatic_assertions-65faf4584da7192b.rmeta --cap-lints allow`
   Compiling phf_shared v0.12.1
     Running `/home/jules/.rustup/toolchains/stable-x86_64-unknown-linux-gnu/bin/rustc --crate-name phf_shared --edition=2021 /home/jules/.cargo/registry/src/index.crates.io-1949cf8c6b5b557f/phf_shared-0.12.1/src/lib.rs --error-format=json --json=diagnostic-rendered-ansi,artifacts,future-incompat --crate-type lib --emit=dep-info,metadata,link -C embed-bitcode=no -C debuginfo=2 --check-cfg 'cfg(docsrs,test)' --check-cfg 'cfg(feature, values("default", "std", "uncased", "unicase"))' -C metadata=e3aaecd2031467ad -C extra-filename=-c9b42f34e1e5f55c --out-dir /tmp/cargo-mutants-app-5Mc7Jj.tmp/target/debug/deps -L dependency=/tmp/cargo-mutants-app-5Mc7Jj.tmp/target/debug/deps --extern siphasher=/tmp/cargo-mutants-app-5Mc7Jj.tmp/target/debug/deps/libsiphasher-c8df95d2f74d12c2.rmeta --cap-lints allow`
     Running `/tmp/cargo-mutants-app-5Mc7Jj.tmp/target/debug/build/polars-utils-1df20b02a6b5cd16/build-script-build`
     Running `/home/jules/.rustup/toolchains/stable-x86_64-unknown-linux-gnu/bin/rustc --crate-name stacker --edition=2021 /home/jules/.cargo/registry/src/index.crates.io-1949cf8c6b5b557f/stacker-0.1.23/src/lib.rs --error-format=json --json=diagnostic-rendered-ansi,artifacts,future-incompat --crate-type lib --emit=dep-info,metadata,link -C embed-bitcode=no -C debuginfo=2 --check-cfg 'cfg(docsrs,test)' --check-cfg 'cfg(feature, values())' -C metadata=44966dbaa97618a7 -C extra-filename=-db0ac43861d3c475 --out-dir /tmp/cargo-mutants-app-5Mc7Jj.tmp/target/debug/deps -L dependency=/tmp/cargo-mutants-app-5Mc7Jj.tmp/target/debug/deps --extern cfg_if=/tmp/cargo-mutants-app-5Mc7Jj.tmp/target/debug/deps/libcfg_if-2d20780be38939e6.rmeta --extern libc=/tmp/cargo-mutants-app-5Mc7Jj.tmp/target/debug/deps/liblibc-c3bf4cf3553bb91d.rmeta --extern psm=/tmp/cargo-mutants-app-5Mc7Jj.tmp/target/debug/deps/libpsm-5dff43e394fe252c.rmeta --cap-lints allow -L native=/tmp/cargo-mutants-app-5Mc7Jj.tmp/target/debug/build/psm-1a7be8e56d046b88/out`
   Compiling rand v0.8.5
     Running `/home/jules/.rustup/toolchains/stable-x86_64-unknown-linux-gnu/bin/rustc --crate-name rand --edition=2018 /home/jules/.cargo/registry/src/index.crates.io-1949cf8c6b5b557f/rand-0.8.5/src/lib.rs --error-format=json --json=diagnostic-rendered-ansi,artifacts,future-incompat --crate-type lib --emit=dep-info,metadata,link -C embed-bitcode=no -C debuginfo=2 --cfg 'feature="alloc"' --cfg 'feature="default"' --cfg 'feature="getrandom"' --cfg 'feature="libc"' --cfg 'feature="rand_chacha"' --cfg 'feature="std"' --cfg 'feature="std_rng"' --check-cfg 'cfg(docsrs,test)' --check-cfg 'cfg(feature, values("alloc", "default", "getrandom", "libc", "log", "min_const_gen", "nightly", "packed_simd", "rand_chacha", "serde", "serde1", "simd_support", "small_rng", "std", "std_rng"))' -C metadata=2ad928ea4850b6e5 -C extra-filename=-c216d737e0fe5307 --out-dir /tmp/cargo-mutants-app-5Mc7Jj.tmp/target/debug/deps -L dependency=/tmp/cargo-mutants-app-5Mc7Jj.tmp/target/debug/deps --extern libc=/tmp/cargo-mutants-app-5Mc7Jj.tmp/target/debug/deps/liblibc-c3bf4cf3553bb91d.rmeta --extern rand_chacha=/tmp/cargo-mutants-app-5Mc7Jj.tmp/target/debug/deps/librand_chacha-4a466d3dc93e5268.rmeta --extern rand_core=/tmp/cargo-mutants-app-5Mc7Jj.tmp/target/debug/deps/librand_core-4f6705fa65901a3c.rmeta --cap-lints allow`
   Compiling parking_lot v0.12.5
     Running `/home/jules/.rustup/toolchains/stable-x86_64-unknown-linux-gnu/bin/rustc --crate-name parking_lot --edition=2021 /home/jules/.cargo/registry/src/index.crates.io-1949cf8c6b5b557f/parking_lot-0.12.5/src/lib.rs --error-format=json --json=diagnostic-rendered-ansi,artifacts,future-incompat --crate-type lib --emit=dep-info,metadata,link -C embed-bitcode=no -C debuginfo=2 --cfg 'feature="default"' --check-cfg 'cfg(docsrs,test)' --check-cfg 'cfg(feature, values("arc_lock", "deadlock_detection", "default", "hardware-lock-elision", "nightly", "owning_ref", "send_guard", "serde"))' -C metadata=d26e77d6b437d3e4 -C extra-filename=-caf10ce81377775b --out-dir /tmp/cargo-mutants-app-5Mc7Jj.tmp/target/debug/deps -L dependency=/tmp/cargo-mutants-app-5Mc7Jj.tmp/target/debug/deps --extern lock_api=/tmp/cargo-mutants-app-5Mc7Jj.tmp/target/debug/deps/liblock_api-010fe42e762642f2.rmeta --extern parking_lot_core=/tmp/cargo-mutants-app-5Mc7Jj.tmp/target/debug/deps/libparking_lot_core-545d88f0e9f4e21b.rmeta --cap-lints allow`
   Compiling raw-cpuid v11.6.0
     Running `/home/jules/.rustup/toolchains/stable-x86_64-unknown-linux-gnu/bin/rustc --crate-name raw_cpuid --edition=2018 /home/jules/.cargo/registry/src/index.crates.io-1949cf8c6b5b557f/raw-cpuid-11.6.0/src/lib.rs --error-format=json --json=diagnostic-rendered-ansi,artifacts,future-incompat --crate-type lib --emit=dep-info,metadata,link -C embed-bitcode=no -C debuginfo=2 --check-cfg 'cfg(docsrs,test)' --check-cfg 'cfg(feature, values("clap", "cli", "display", "serde", "serde_derive", "serde_json", "serialize", "std", "termimad"))' -C metadata=82451b314ad7c229 -C extra-filename=-db91a55fde49fa45 --out-dir /tmp/cargo-mutants-app-5Mc7Jj.tmp/target/debug/deps -L dependency=/tmp/cargo-mutants-app-5Mc7Jj.tmp/target/debug/deps --extern bitflags=/tmp/cargo-mutants-app-5Mc7Jj.tmp/target/debug/deps/libbitflags-0144bb6c22e03480.rmeta --cap-lints allow`
   Compiling memmap2 v0.9.10
     Running `/home/jules/.rustup/toolchains/stable-x86_64-unknown-linux-gnu/bin/rustc --crate-name memmap2 --edition=2021 /home/jules/.cargo/registry/src/index.crates.io-1949cf8c6b5b557f/memmap2-0.9.10/src/lib.rs --error-format=json --json=diagnostic-rendered-ansi,artifacts,future-incompat --crate-type lib --emit=dep-info,metadata,link -C embed-bitcode=no -C debuginfo=2 --check-cfg 'cfg(docsrs,test)' --check-cfg 'cfg(feature, values("stable_deref_trait"))' -C metadata=c1393de8e0efc318 -C extra-filename=-9a059710cdebebd3 --out-dir /tmp/cargo-mutants-app-5Mc7Jj.tmp/target/debug/deps -L dependency=/tmp/cargo-mutants-app-5Mc7Jj.tmp/target/debug/deps --extern libc=/tmp/cargo-mutants-app-5Mc7Jj.tmp/target/debug/deps/liblibc-c3bf4cf3553bb91d.rmeta --cap-lints allow`
   Compiling polars-schema v0.46.0
     Running `/home/jules/.rustup/toolchains/stable-x86_64-unknown-linux-gnu/bin/rustc --crate-name build_script_build --edition=2021 /home/jules/.cargo/registry/src/index.crates.io-1949cf8c6b5b557f/polars-schema-0.46.0/build.rs --error-format=json --json=diagnostic-rendered-ansi,artifacts,future-incompat --crate-type bin --emit=dep-info,link -C embed-bitcode=no --check-cfg 'cfg(docsrs,test)' --check-cfg 'cfg(feature, values("nightly", "serde"))' -C metadata=f59f32443249fc3f -C extra-filename=-e6567ca656f5ef75 --out-dir /tmp/cargo-mutants-app-5Mc7Jj.tmp/target/debug/build/polars-schema-e6567ca656f5ef75 -L dependency=/tmp/cargo-mutants-app-5Mc7Jj.tmp/target/debug/deps --extern version_check=/tmp/cargo-mutants-app-5Mc7Jj.tmp/target/debug/deps/libversion_check-e67c589c3c1ced77.rlib --cap-lints allow`
   Compiling bytes v1.11.1
     Running `/home/jules/.rustup/toolchains/stable-x86_64-unknown-linux-gnu/bin/rustc --crate-name bytes --edition=2021 /home/jules/.cargo/registry/src/index.crates.io-1949cf8c6b5b557f/bytes-1.11.1/src/lib.rs --error-format=json --json=diagnostic-rendered-ansi,artifacts,future-incompat --crate-type lib --emit=dep-info,metadata,link -C embed-bitcode=no -C debuginfo=2 --warn=unexpected_cfgs --check-cfg 'cfg(loom)' --cfg 'feature="default"' --cfg 'feature="std"' --check-cfg 'cfg(docsrs,test)' --check-cfg 'cfg(feature, values("default", "extra-platforms", "serde", "std"))' -C metadata=178f182eac8e8160 -C extra-filename=-2c42ea0d8bfb18cc --out-dir /tmp/cargo-mutants-app-5Mc7Jj.tmp/target/debug/deps -L dependency=/tmp/cargo-mutants-app-5Mc7Jj.tmp/target/debug/deps --cap-lints allow`
   Compiling chrono-tz v0.10.4
     Running `/home/jules/.rustup/toolchains/stable-x86_64-unknown-linux-gnu/bin/rustc --crate-name build_script_build --edition=2021 /home/jules/.cargo/registry/src/index.crates.io-1949cf8c6b5b557f/chrono-tz-0.10.4/build.rs --error-format=json --json=diagnostic-rendered-ansi,artifacts,future-incompat --crate-type bin --emit=dep-info,link -C embed-bitcode=no --cfg 'feature="default"' --cfg 'feature="std"' --check-cfg 'cfg(docsrs,test)' --check-cfg 'cfg(feature, values("arbitrary", "case-insensitive", "chrono-tz-build", "default", "filter-by-regex", "serde", "std"))' -C metadata=fdd541998249db5a -C extra-filename=-91c29409a6345f3b --out-dir /tmp/cargo-mutants-app-5Mc7Jj.tmp/target/debug/build/chrono-tz-91c29409a6345f3b -L dependency=/tmp/cargo-mutants-app-5Mc7Jj.tmp/target/debug/deps --cap-lints allow`
     Running `/tmp/cargo-mutants-app-5Mc7Jj.tmp/target/debug/build/polars-schema-e6567ca656f5ef75/build-script-build`
     Running `/tmp/cargo-mutants-app-5Mc7Jj.tmp/target/debug/build/chrono-tz-91c29409a6345f3b/build-script-build`
   Compiling phf v0.12.1
     Running `/home/jules/.rustup/toolchains/stable-x86_64-unknown-linux-gnu/bin/rustc --crate-name phf --edition=2021 /home/jules/.cargo/registry/src/index.crates.io-1949cf8c6b5b557f/phf-0.12.1/src/lib.rs --error-format=json --json=diagnostic-rendered-ansi,artifacts,future-incompat --crate-type lib --emit=dep-info,metadata,link -C embed-bitcode=no -C debuginfo=2 --check-cfg 'cfg(docsrs,test)' --check-cfg 'cfg(feature, values("default", "macros", "phf_macros", "serde", "std", "uncased", "unicase"))' -C metadata=ce9a5734f152d7dc -C extra-filename=-71000eff40b068d6 --out-dir /tmp/cargo-mutants-app-5Mc7Jj.tmp/target/debug/deps -L dependency=/tmp/cargo-mutants-app-5Mc7Jj.tmp/target/debug/deps --extern phf_shared=/tmp/cargo-mutants-app-5Mc7Jj.tmp/target/debug/deps/libphf_shared-c9b42f34e1e5f55c.rmeta --cap-lints allow`
   Compiling polars-arrow v0.46.0
     Running `/home/jules/.rustup/toolchains/stable-x86_64-unknown-linux-gnu/bin/rustc --crate-name build_script_build --edition=2021 /home/jules/.cargo/registry/src/index.crates.io-1949cf8c6b5b557f/polars-arrow-0.46.0/build.rs --error-format=json --json=diagnostic-rendered-ansi,artifacts,future-incompat --crate-type bin --emit=dep-info,link -C embed-bitcode=no --cfg 'feature="arrow-format"' --cfg 'feature="chrono-tz"' --cfg 'feature="compute"' --cfg 'feature="compute_aggregate"' --cfg 'feature="compute_arithmetics"' --cfg 'feature="compute_arithmetics_decimal"' --cfg 'feature="compute_bitwise"' --cfg 'feature="compute_boolean"' --cfg 'feature="compute_boolean_kleene"' --cfg 'feature="compute_comparison"' --cfg 'feature="compute_temporal"' --cfg 'feature="io_ipc"' --cfg 'feature="strength_reduce"' --cfg 'feature="temporal"' --check-cfg 'cfg(docsrs,test)' --check-cfg 'cfg(feature, values("arrow-format", "async-stream", "atoi_simd", "avro-schema", "bigidx", "chrono-tz", "compute", "compute_aggregate", "compute_arithmetics", "compute_arithmetics_decimal", "compute_bitwise", "compute_boolean", "compute_boolean_kleene", "compute_comparison", "compute_temporal", "default", "dtype-array", "dtype-decimal", "fast-float2", "full", "futures", "hex", "indexmap", "io_avro", "io_avro_async", "io_avro_compression", "io_flight", "io_ipc", "io_ipc_compression", "itoa", "lz4", "nightly", "performant", "regex", "regex-syntax", "ryu", "serde", "simd", "strength_reduce", "strings", "temporal", "timezones", "tokio", "zstd"))' -C metadata=a907919a259974df -C extra-filename=-7c68d7476aaca0b0 --out-dir /tmp/cargo-mutants-app-5Mc7Jj.tmp/target/debug/build/polars-arrow-7c68d7476aaca0b0 -L dependency=/tmp/cargo-mutants-app-5Mc7Jj.tmp/target/debug/deps --extern version_check=/tmp/cargo-mutants-app-5Mc7Jj.tmp/target/debug/deps/libversion_check-e67c589c3c1ced77.rlib --cap-lints allow`
   Compiling heck v0.5.0
     Running `/home/jules/.rustup/toolchains/stable-x86_64-unknown-linux-gnu/bin/rustc --crate-name heck --edition=2021 /home/jules/.cargo/registry/src/index.crates.io-1949cf8c6b5b557f/heck-0.5.0/src/lib.rs --error-format=json --json=diagnostic-rendered-ansi,artifacts,future-incompat --crate-type lib --emit=dep-info,metadata,link -C embed-bitcode=no --check-cfg 'cfg(docsrs,test)' --check-cfg 'cfg(feature, values())' -C metadata=288719bc7008c8bb -C extra-filename=-97d689db605b5137 --out-dir /tmp/cargo-mutants-app-5Mc7Jj.tmp/target/debug/deps -L dependency=/tmp/cargo-mutants-app-5Mc7Jj.tmp/target/debug/deps --cap-lints allow`
     Running `/tmp/cargo-mutants-app-5Mc7Jj.tmp/target/debug/build/polars-arrow-7c68d7476aaca0b0/build-script-build`
     Running `/home/jules/.rustup/toolchains/stable-x86_64-unknown-linux-gnu/bin/rustc --crate-name chrono_tz --edition=2021 /home/jules/.cargo/registry/src/index.crates.io-1949cf8c6b5b557f/chrono-tz-0.10.4/src/lib.rs --error-format=json --json=diagnostic-rendered-ansi,artifacts,future-incompat --crate-type lib --emit=dep-info,metadata,link -C embed-bitcode=no -C debuginfo=2 --cfg 'feature="default"' --cfg 'feature="std"' --check-cfg 'cfg(docsrs,test)' --check-cfg 'cfg(feature, values("arbitrary", "case-insensitive", "chrono-tz-build", "default", "filter-by-regex", "serde", "std"))' -C metadata=968445326ea37b93 -C extra-filename=-9abd5f6564aa07b8 --out-dir /tmp/cargo-mutants-app-5Mc7Jj.tmp/target/debug/deps -L dependency=/tmp/cargo-mutants-app-5Mc7Jj.tmp/target/debug/deps --extern chrono=/tmp/cargo-mutants-app-5Mc7Jj.tmp/target/debug/deps/libchrono-08cab49df96f7b7e.rmeta --extern phf=/tmp/cargo-mutants-app-5Mc7Jj.tmp/target/debug/deps/libphf-71000eff40b068d6.rmeta --cap-lints allow`
   Compiling polars-compute v0.46.0
     Running `/home/jules/.rustup/toolchains/stable-x86_64-unknown-linux-gnu/bin/rustc --crate-name build_script_build --edition=2021 /home/jules/.cargo/registry/src/index.crates.io-1949cf8c6b5b557f/polars-compute-0.46.0/build.rs --error-format=json --json=diagnostic-rendered-ansi,artifacts,future-incompat --crate-type bin --emit=dep-info,link -C embed-bitcode=no --cfg 'feature="approx_unique"' --cfg 'feature="cast"' --cfg 'feature="gather"' --check-cfg 'cfg(docsrs,test)' --check-cfg 'cfg(feature, values("approx_unique", "cast", "dtype-array", "dtype-decimal", "dtype-i128", "gather", "nightly", "simd"))' -C metadata=25d91a83a4ecee5a -C extra-filename=-e4d64e1ce10ddf06 --out-dir /tmp/cargo-mutants-app-5Mc7Jj.tmp/target/debug/build/polars-compute-e4d64e1ce10ddf06 -L dependency=/tmp/cargo-mutants-app-5Mc7Jj.tmp/target/debug/deps --extern version_check=/tmp/cargo-mutants-app-5Mc7Jj.tmp/target/debug/deps/libversion_check-e67c589c3c1ced77.rlib --cap-lints allow`
   Compiling strum_macros v0.26.4
     Running `/home/jules/.rustup/toolchains/stable-x86_64-unknown-linux-gnu/bin/rustc --crate-name strum_macros --edition=2018 /home/jules/.cargo/registry/src/index.crates.io-1949cf8c6b5b557f/strum_macros-0.26.4/src/lib.rs --error-format=json --json=diagnostic-rendered-ansi,artifacts,future-incompat --crate-type proc-macro --emit=dep-info,link -C prefer-dynamic -C embed-bitcode=no --check-cfg 'cfg(docsrs,test)' --check-cfg 'cfg(feature, values())' -C metadata=e3aac42496b61c2d -C extra-filename=-686be64c8f6c7ac5 --out-dir /tmp/cargo-mutants-app-5Mc7Jj.tmp/target/debug/deps -L dependency=/tmp/cargo-mutants-app-5Mc7Jj.tmp/target/debug/deps --extern heck=/tmp/cargo-mutants-app-5Mc7Jj.tmp/target/debug/deps/libheck-97d689db605b5137.rlib --extern proc_macro2=/tmp/cargo-mutants-app-5Mc7Jj.tmp/target/debug/deps/libproc_macro2-00cf4115453f001d.rlib --extern quote=/tmp/cargo-mutants-app-5Mc7Jj.tmp/target/debug/deps/libquote-39b5d25cd1a71316.rlib --extern rustversion=/tmp/cargo-mutants-app-5Mc7Jj.tmp/target/debug/deps/librustversion-211bfd3963d3ccb8.so --extern syn=/tmp/cargo-mutants-app-5Mc7Jj.tmp/target/debug/deps/libsyn-62e14bef2bdce4b5.rlib --extern proc_macro --cap-lints allow`
   Compiling ethnum v1.5.2
     Running `/home/jules/.rustup/toolchains/stable-x86_64-unknown-linux-gnu/bin/rustc --crate-name ethnum --edition=2021 /home/jules/.cargo/registry/src/index.crates.io-1949cf8c6b5b557f/ethnum-1.5.2/src/lib.rs --error-format=json --json=diagnostic-rendered-ansi,artifacts,future-incompat --crate-type lib --emit=dep-info,metadata,link -C embed-bitcode=no -C debuginfo=2 --check-cfg 'cfg(docsrs,test)' --check-cfg 'cfg(feature, values("ethnum-intrinsics", "llvm-intrinsics", "macros", "serde"))' -C metadata=3130b5669caec513 -C extra-filename=-f5ff94aad093a730 --out-dir /tmp/cargo-mutants-app-5Mc7Jj.tmp/target/debug/deps -L dependency=/tmp/cargo-mutants-app-5Mc7Jj.tmp/target/debug/deps --cap-lints allow`
   Compiling streaming-iterator v0.1.9
     Running `/home/jules/.rustup/toolchains/stable-x86_64-unknown-linux-gnu/bin/rustc --crate-name streaming_iterator --edition=2021 /home/jules/.cargo/registry/src/index.crates.io-1949cf8c6b5b557f/streaming-iterator-0.1.9/src/lib.rs --error-format=json --json=diagnostic-rendered-ansi,artifacts,future-incompat --crate-type lib --emit=dep-info,metadata,link -C embed-bitcode=no -C debuginfo=2 --check-cfg 'cfg(docsrs,test)' --check-cfg 'cfg(feature, values("alloc", "std"))' -C metadata=bd69f6d6b0f78ace -C extra-filename=-577fa8ea60a40ff4 --out-dir /tmp/cargo-mutants-app-5Mc7Jj.tmp/target/debug/deps -L dependency=/tmp/cargo-mutants-app-5Mc7Jj.tmp/target/debug/deps --cap-lints allow`
   Compiling strength_reduce v0.2.4
     Running `/home/jules/.rustup/toolchains/stable-x86_64-unknown-linux-gnu/bin/rustc --crate-name strength_reduce --edition=2015 /home/jules/.cargo/registry/src/index.crates.io-1949cf8c6b5b557f/strength_reduce-0.2.4/src/lib.rs --error-format=json --json=diagnostic-rendered-ansi,artifacts,future-incompat --crate-type lib --emit=dep-info,metadata,link -C embed-bitcode=no -C debuginfo=2 --check-cfg 'cfg(docsrs,test)' --check-cfg 'cfg(feature, values())' -C metadata=919a5fcdbe5d9d0e -C extra-filename=-5883a26c62a92091 --out-dir /tmp/cargo-mutants-app-5Mc7Jj.tmp/target/debug/deps -L dependency=/tmp/cargo-mutants-app-5Mc7Jj.tmp/target/debug/deps --cap-lints allow`
     Running `/home/jules/.rustup/toolchains/stable-x86_64-unknown-linux-gnu/bin/rustc --crate-name polars_utils --edition=2021 /home/jules/.cargo/registry/src/index.crates.io-1949cf8c6b5b557f/polars-utils-0.46.0/src/lib.rs --error-format=json --json=diagnostic-rendered-ansi,artifacts,future-incompat --crate-type lib --emit=dep-info,metadata,link -C embed-bitcode=no -C debuginfo=2 --cfg 'feature="memmap"' --cfg 'feature="mmap"' --check-cfg 'cfg(docsrs,test)' --check-cfg 'cfg(feature, values("bigidx", "ir_serde", "memmap", "mmap", "nightly", "pyo3", "python", "serde", "sysinfo"))' -C metadata=ae2d9e99009339b5 -C extra-filename=-3a993b1ba33bfbfa --out-dir /tmp/cargo-mutants-app-5Mc7Jj.tmp/target/debug/deps -L dependency=/tmp/cargo-mutants-app-5Mc7Jj.tmp/target/debug/deps --extern ahash=/tmp/cargo-mutants-app-5Mc7Jj.tmp/target/debug/deps/libahash-be8fba9f84919843.rmeta --extern bytemuck=/tmp/cargo-mutants-app-5Mc7Jj.tmp/target/debug/deps/libbytemuck-e8d55e7d8cdd09e7.rmeta --extern bytes=/tmp/cargo-mutants-app-5Mc7Jj.tmp/target/debug/deps/libbytes-2c42ea0d8bfb18cc.rmeta --extern compact_str=/tmp/cargo-mutants-app-5Mc7Jj.tmp/target/debug/deps/libcompact_str-f344038ae969615f.rmeta --extern hashbrown=/tmp/cargo-mutants-app-5Mc7Jj.tmp/target/debug/deps/libhashbrown-3e65625f637b5acf.rmeta --extern indexmap=/tmp/cargo-mutants-app-5Mc7Jj.tmp/target/debug/deps/libindexmap-0a8f050184dac920.rmeta --extern libc=/tmp/cargo-mutants-app-5Mc7Jj.tmp/target/debug/deps/liblibc-c3bf4cf3553bb91d.rmeta --extern memmap=/tmp/cargo-mutants-app-5Mc7Jj.tmp/target/debug/deps/libmemmap2-9a059710cdebebd3.rmeta --extern num_traits=/tmp/cargo-mutants-app-5Mc7Jj.tmp/target/debug/deps/libnum_traits-316037dbacd03ba5.rmeta --extern once_cell=/tmp/cargo-mutants-app-5Mc7Jj.tmp/target/debug/deps/libonce_cell-b5726b916b3362ce.rmeta --extern polars_error=/tmp/cargo-mutants-app-5Mc7Jj.tmp/target/debug/deps/libpolars_error-ff0e30f3a91e7e44.rmeta --extern rand=/tmp/cargo-mutants-app-5Mc7Jj.tmp/target/debug/deps/librand-c216d737e0fe5307.rmeta --extern raw_cpuid=/tmp/cargo-mutants-app-5Mc7Jj.tmp/target/debug/deps/libraw_cpuid-db91a55fde49fa45.rmeta --extern rayon=/tmp/cargo-mutants-app-5Mc7Jj.tmp/target/debug/deps/librayon-c6f9b3718461f2f0.rmeta --extern stacker=/tmp/cargo-mutants-app-5Mc7Jj.tmp/target/debug/deps/libstacker-db0ac43861d3c475.rmeta --cap-lints allow -L native=/tmp/cargo-mutants-app-5Mc7Jj.tmp/target/debug/build/psm-1a7be8e56d046b88/out`
   Compiling pkg-config v0.3.32
     Running `/home/jules/.rustup/toolchains/stable-x86_64-unknown-linux-gnu/bin/rustc --crate-name pkg_config --edition=2018 /home/jules/.cargo/registry/src/index.crates.io-1949cf8c6b5b557f/pkg-config-0.3.32/src/lib.rs --error-format=json --json=diagnostic-rendered-ansi,artifacts,future-incompat --crate-type lib --emit=dep-info,metadata,link -C embed-bitcode=no --check-cfg 'cfg(docsrs,test)' --check-cfg 'cfg(feature, values())' -C metadata=fea94cde4d8c6f92 -C extra-filename=-f6783222fab12a6c --out-dir /tmp/cargo-mutants-app-5Mc7Jj.tmp/target/debug/deps -L dependency=/tmp/cargo-mutants-app-5Mc7Jj.tmp/target/debug/deps --cap-lints allow`
   Compiling debug_unsafe v0.1.3
     Running `/home/jules/.rustup/toolchains/stable-x86_64-unknown-linux-gnu/bin/rustc --crate-name debug_unsafe --edition=2021 /home/jules/.cargo/registry/src/index.crates.io-1949cf8c6b5b557f/debug_unsafe-0.1.3/src/lib.rs --error-format=json --json=diagnostic-rendered-ansi,artifacts,future-incompat --crate-type lib --emit=dep-info,metadata,link -C embed-bitcode=no -C debuginfo=2 --check-cfg 'cfg(docsrs,test)' --check-cfg 'cfg(feature, values("arraystring"))' -C metadata=6de02b445c539253 -C extra-filename=-a197da77d301ccca --out-dir /tmp/cargo-mutants-app-5Mc7Jj.tmp/target/debug/deps -L dependency=/tmp/cargo-mutants-app-5Mc7Jj.tmp/target/debug/deps --cap-lints allow`
   Compiling rustix v1.1.3
     Running `/home/jules/.rustup/toolchains/stable-x86_64-unknown-linux-gnu/bin/rustc --crate-name build_script_build --edition=2021 /home/jules/.cargo/registry/src/index.crates.io-1949cf8c6b5b557f/rustix-1.1.3/build.rs --error-format=json --json=diagnostic-rendered-ansi,artifacts,future-incompat --crate-type bin --emit=dep-info,link -C embed-bitcode=no --warn=unexpected_cfgs --check-cfg 'cfg(alloc_c_string)' --check-cfg 'cfg(alloc_ffi)' --check-cfg 'cfg(apple)' --check-cfg 'cfg(asm_experimental_arch)' --check-cfg 'cfg(bsd)' --check-cfg 'cfg(core_c_str)' --check-cfg 'cfg(core_ffi_c)' --check-cfg 'cfg(core_intrinsics)' --check-cfg 'cfg(criterion)' --check-cfg 'cfg(document_experimental_runtime_api)' --check-cfg 'cfg(error_in_core)' --check-cfg 'cfg(fix_y2038)' --check-cfg 'cfg(freebsdlike)' --check-cfg 'cfg(libc)' --check-cfg 'cfg(linux_kernel)' --check-cfg 'cfg(linux_like)' --check-cfg 'cfg(linux_raw)' --check-cfg 'cfg(linux_raw_dep)' --check-cfg 'cfg(lower_upper_exp_for_non_zero)' --check-cfg 'cfg(sanitize_memory)' --check-cfg 'cfg(netbsdlike)' --check-cfg 'cfg(rustc_attrs)' --check-cfg 'cfg(rustc_diagnostics)' --check-cfg 'cfg(solarish)' --check-cfg 'cfg(staged_api)' --check-cfg 'cfg(static_assertions)' --check-cfg 'cfg(thumb_mode)' --check-cfg 'cfg(wasi)' --check-cfg 'cfg(wasi_ext)' --check-cfg 'cfg(wasip2)' --check-cfg 'cfg(target_arch, values("xtensa"))' --check-cfg 'cfg(target_os, values("cygwin"))' --cfg 'feature="alloc"' --cfg 'feature="std"' --cfg 'feature="stdio"' --cfg 'feature="termios"' --check-cfg 'cfg(docsrs,test)' --check-cfg 'cfg(feature, values("all-apis", "alloc", "core", "default", "event", "fs", "io_uring", "libc", "libc_errno", "linux_4_11", "linux_5_1", "linux_5_11", "linux_latest", "mm", "mount", "net", "param", "pipe", "process", "pty", "rand", "runtime", "rustc-dep-of-std", "rustc-std-workspace-alloc", "shm", "std", "stdio", "system", "termios", "thread", "time", "try_close", "use-explicitly-provided-auxv", "use-libc", "use-libc-auxv"))' -C metadata=3a367d2ef3f81c7b -C extra-filename=-2631a8f5b7f2b806 --out-dir /tmp/cargo-mutants-app-5Mc7Jj.tmp/target/debug/build/rustix-2631a8f5b7f2b806 -L dependency=/tmp/cargo-mutants-app-5Mc7Jj.tmp/target/debug/deps --cap-lints allow`
     Running `/home/jules/.rustup/toolchains/stable-x86_64-unknown-linux-gnu/bin/rustc --crate-name polars_schema --edition=2021 /home/jules/.cargo/registry/src/index.crates.io-1949cf8c6b5b557f/polars-schema-0.46.0/src/lib.rs --error-format=json --json=diagnostic-rendered-ansi,artifacts,future-incompat --crate-type lib --emit=dep-info,metadata,link -C embed-bitcode=no -C debuginfo=2 --check-cfg 'cfg(docsrs,test)' --check-cfg 'cfg(feature, values("nightly", "serde"))' -C metadata=6d2d5cda0dc047cd -C extra-filename=-db335cca34fffe50 --out-dir /tmp/cargo-mutants-app-5Mc7Jj.tmp/target/debug/deps -L dependency=/tmp/cargo-mutants-app-5Mc7Jj.tmp/target/debug/deps --extern indexmap=/tmp/cargo-mutants-app-5Mc7Jj.tmp/target/debug/deps/libindexmap-0a8f050184dac920.rmeta --extern polars_error=/tmp/cargo-mutants-app-5Mc7Jj.tmp/target/debug/deps/libpolars_error-ff0e30f3a91e7e44.rmeta --extern polars_utils=/tmp/cargo-mutants-app-5Mc7Jj.tmp/target/debug/deps/libpolars_utils-3a993b1ba33bfbfa.rmeta --cap-lints allow -L native=/tmp/cargo-mutants-app-5Mc7Jj.tmp/target/debug/build/psm-1a7be8e56d046b88/out`
   Compiling dyn-clone v1.0.20
     Running `/home/jules/.rustup/toolchains/stable-x86_64-unknown-linux-gnu/bin/rustc --crate-name dyn_clone --edition=2018 /home/jules/.cargo/registry/src/index.crates.io-1949cf8c6b5b557f/dyn-clone-1.0.20/src/lib.rs --error-format=json --json=diagnostic-rendered-ansi,artifacts,future-incompat --crate-type lib --emit=dep-info,metadata,link -C embed-bitcode=no -C debuginfo=2 --check-cfg 'cfg(docsrs,test)' --check-cfg 'cfg(feature, values())' -C metadata=20a006f53767422c -C extra-filename=-6cf057c9bc75974d --out-dir /tmp/cargo-mutants-app-5Mc7Jj.tmp/target/debug/deps -L dependency=/tmp/cargo-mutants-app-5Mc7Jj.tmp/target/debug/deps --cap-lints allow`
     Running `/tmp/cargo-mutants-app-5Mc7Jj.tmp/target/debug/build/rustix-2631a8f5b7f2b806/build-script-build`
   Compiling atoi_simd v0.16.1
     Running `/home/jules/.rustup/toolchains/stable-x86_64-unknown-linux-gnu/bin/rustc --crate-name atoi_simd --edition=2018 /home/jules/.cargo/registry/src/index.crates.io-1949cf8c6b5b557f/atoi_simd-0.16.1/src/lib.rs --error-format=json --json=diagnostic-rendered-ansi,artifacts,future-incompat --crate-type lib --emit=dep-info,metadata,link -C embed-bitcode=no -C debuginfo=2 --cfg 'feature="default"' --cfg 'feature="std"' --check-cfg 'cfg(docsrs,test)' --check-cfg 'cfg(feature, values("default", "std"))' -C metadata=e3a55453a8cfd3bb -C extra-filename=-8039380c3913b30b --out-dir /tmp/cargo-mutants-app-5Mc7Jj.tmp/target/debug/deps -L dependency=/tmp/cargo-mutants-app-5Mc7Jj.tmp/target/debug/deps --extern debug_unsafe=/tmp/cargo-mutants-app-5Mc7Jj.tmp/target/debug/deps/libdebug_unsafe-a197da77d301ccca.rmeta --cap-lints allow`
   Compiling zstd-sys v2.0.16+zstd.1.5.7
     Running `/home/jules/.rustup/toolchains/stable-x86_64-unknown-linux-gnu/bin/rustc --crate-name build_script_build --edition=2018 /home/jules/.cargo/registry/src/index.crates.io-1949cf8c6b5b557f/zstd-sys-2.0.16+zstd.1.5.7/build.rs --error-format=json --json=diagnostic-rendered-ansi,artifacts,future-incompat --crate-type bin --emit=dep-info,link -C embed-bitcode=no --allow=non_upper_case_globals --cfg 'feature="legacy"' --cfg 'feature="std"' --cfg 'feature="zdict_builder"' --check-cfg 'cfg(docsrs,test)' --check-cfg 'cfg(feature, values("bindgen", "debug", "default", "experimental", "fat-lto", "legacy", "no_asm", "no_wasm_shim", "non-cargo", "pkg-config", "seekable", "std", "thin", "thin-lto", "zdict_builder", "zstdmt"))' -C metadata=58a3d87933e3747e -C extra-filename=-57af94e722c176b8 --out-dir /tmp/cargo-mutants-app-5Mc7Jj.tmp/target/debug/build/zstd-sys-57af94e722c176b8 -L dependency=/tmp/cargo-mutants-app-5Mc7Jj.tmp/target/debug/deps --extern cc=/tmp/cargo-mutants-app-5Mc7Jj.tmp/target/debug/deps/libcc-297dab0bdb367632.rlib --extern pkg_config=/tmp/cargo-mutants-app-5Mc7Jj.tmp/target/debug/deps/libpkg_config-f6783222fab12a6c.rlib --cap-lints allow`
     Running `/tmp/cargo-mutants-app-5Mc7Jj.tmp/target/debug/build/polars-compute-e4d64e1ce10ddf06/build-script-build`
   Compiling fast-float2 v0.2.3
     Running `/home/jules/.rustup/toolchains/stable-x86_64-unknown-linux-gnu/bin/rustc --crate-name fast_float2 --edition=2018 /home/jules/.cargo/registry/src/index.crates.io-1949cf8c6b5b557f/fast-float2-0.2.3/src/lib.rs --error-format=json --json=diagnostic-rendered-ansi,artifacts,future-incompat --crate-type lib --emit=dep-info,metadata,link -C embed-bitcode=no -C debuginfo=2 --cfg 'feature="default"' --cfg 'feature="std"' --check-cfg 'cfg(docsrs,test)' --check-cfg 'cfg(feature, values("default", "std"))' -C metadata=af3f500bd60fc6eb -C extra-filename=-1c03c02ed39c0bba --out-dir /tmp/cargo-mutants-app-5Mc7Jj.tmp/target/debug/deps -L dependency=/tmp/cargo-mutants-app-5Mc7Jj.tmp/target/debug/deps --cap-lints allow`
   Compiling litrs v1.0.0
     Running `/home/jules/.rustup/toolchains/stable-x86_64-unknown-linux-gnu/bin/rustc --crate-name litrs --edition=2021 /home/jules/.cargo/registry/src/index.crates.io-1949cf8c6b5b557f/litrs-1.0.0/src/lib.rs --error-format=json --json=diagnostic-rendered-ansi,artifacts,future-incompat --crate-type lib --emit=dep-info,metadata,link -C embed-bitcode=no --check-cfg 'cfg(docsrs,test)' --check-cfg 'cfg(feature, values("check_suffix", "proc-macro2", "unicode-xid"))' -C metadata=925a583be193bb00 -C extra-filename=-a07789e6698f91af --out-dir /tmp/cargo-mutants-app-5Mc7Jj.tmp/target/debug/deps -L dependency=/tmp/cargo-mutants-app-5Mc7Jj.tmp/target/debug/deps --cap-lints allow`
   Compiling linux-raw-sys v0.11.0
     Running `/home/jules/.rustup/toolchains/stable-x86_64-unknown-linux-gnu/bin/rustc --crate-name linux_raw_sys --edition=2021 /home/jules/.cargo/registry/src/index.crates.io-1949cf8c6b5b557f/linux-raw-sys-0.11.0/src/lib.rs --error-format=json --json=diagnostic-rendered-ansi,artifacts,future-incompat --crate-type lib --emit=dep-info,metadata,link -C embed-bitcode=no -C debuginfo=2 --warn=unexpected_cfgs --check-cfg 'cfg(target_arch, values("xtensa"))' --cfg 'feature="auxvec"' --cfg 'feature="elf"' --cfg 'feature="errno"' --cfg 'feature="general"' --cfg 'feature="ioctl"' --cfg 'feature="no_std"' --check-cfg 'cfg(docsrs,test)' --check-cfg 'cfg(feature, values("auxvec", "bootparam", "btrfs", "core", "default", "elf", "elf_uapi", "errno", "general", "if_arp", "if_ether", "if_packet", "image", "io_uring", "ioctl", "landlock", "loop_device", "mempolicy", "net", "netlink", "no_std", "prctl", "ptrace", "rustc-dep-of-std", "std", "system", "xdp"))' -C metadata=d0d0d97d32061d53 -C extra-filename=-6bfc7af018e90c25 --out-dir /tmp/cargo-mutants-app-5Mc7Jj.tmp/target/debug/deps -L dependency=/tmp/cargo-mutants-app-5Mc7Jj.tmp/target/debug/deps --cap-lints allow`
   Compiling lz4-sys v1.11.1+lz4-1.10.0
     Running `/home/jules/.rustup/toolchains/stable-x86_64-unknown-linux-gnu/bin/rustc --crate-name build_script_build --edition=2015 /home/jules/.cargo/registry/src/index.crates.io-1949cf8c6b5b557f/lz4-sys-1.11.1+lz4-1.10.0/build.rs --error-format=json --json=diagnostic-rendered-ansi,artifacts,future-incompat --crate-type bin --emit=dep-info,link -C embed-bitcode=no --check-cfg 'cfg(docsrs,test)' --check-cfg 'cfg(feature, values())' -C metadata=f1415cf5391ef31a -C extra-filename=-ec7523e319b45fcc --out-dir /tmp/cargo-mutants-app-5Mc7Jj.tmp/target/debug/build/lz4-sys-ec7523e319b45fcc -L dependency=/tmp/cargo-mutants-app-5Mc7Jj.tmp/target/debug/deps --extern cc=/tmp/cargo-mutants-app-5Mc7Jj.tmp/target/debug/deps/libcc-297dab0bdb367632.rlib --cap-lints allow`
     Running `/tmp/cargo-mutants-app-5Mc7Jj.tmp/target/debug/build/zstd-sys-57af94e722c176b8/build-script-build`
   Compiling polars-core v0.46.0
     Running `/home/jules/.rustup/toolchains/stable-x86_64-unknown-linux-gnu/bin/rustc --crate-name build_script_build --edition=2021 /home/jules/.cargo/registry/src/index.crates.io-1949cf8c6b5b557f/polars-core-0.46.0/build.rs --error-format=json --json=diagnostic-rendered-ansi,artifacts,future-incompat --crate-type bin --emit=dep-info,link -C embed-bitcode=no --cfg 'feature="algorithm_group_by"' --cfg 'feature="chrono"' --cfg 'feature="comfy-table"' --cfg 'feature="docs"' --cfg 'feature="dtype-date"' --cfg 'feature="dtype-datetime"' --cfg 'feature="dtype-duration"' --cfg 'feature="dtype-time"' --cfg 'feature="fmt"' --cfg 'feature="partition_by"' --cfg 'feature="regex"' --cfg 'feature="rows"' --cfg 'feature="temporal"' --cfg 'feature="zip_with"' --check-cfg 'cfg(docsrs,test)' --check-cfg 'cfg(feature, values("algorithm_group_by", "approx_unique", "array_arithmetic", "avx512", "bigidx", "bitwise", "checked_arithmetic", "chrono", "chrono-tz", "comfy-table", "dataframe_arithmetic", "default", "describe", "diagonal_concat", "docs", "docs-selection", "dot_product", "dtype-array", "dtype-categorical", "dtype-date", "dtype-datetime", "dtype-decimal", "dtype-duration", "dtype-i128", "dtype-i16", "dtype-i8", "dtype-struct", "dtype-time", "dtype-u16", "dtype-u8", "dynamic_group_by", "fmt", "fmt_no_tty", "group_by_list", "is_first_distinct", "is_last_distinct", "lazy", "list_arithmetic", "ndarray", "nightly", "object", "partition_by", "performant", "product", "python", "rand", "rand_distr", "random", "regex", "reinterpret", "rolling_window", "rolling_window_by", "round_series", "row_hash", "rows", "serde", "serde-lazy", "serde_json", "simd", "strings", "take_opt_iter", "temporal", "timezones", "unique_counts", "zip_with"))' -C metadata=0e2d8df2aa3c08c4 -C extra-filename=-78fa6a143ab2bdbb --out-dir /tmp/cargo-mutants-app-5Mc7Jj.tmp/target/debug/build/polars-core-78fa6a143ab2bdbb -L dependency=/tmp/cargo-mutants-app-5Mc7Jj.tmp/target/debug/deps --extern version_check=/tmp/cargo-mutants-app-5Mc7Jj.tmp/target/debug/deps/libversion_check-e67c589c3c1ced77.rlib --cap-lints allow`
     Running `/home/jules/.rustup/toolchains/stable-x86_64-unknown-linux-gnu/bin/rustc --crate-name rustix --edition=2021 /home/jules/.cargo/registry/src/index.crates.io-1949cf8c6b5b557f/rustix-1.1.3/src/lib.rs --error-format=json --json=diagnostic-rendered-ansi,artifacts,future-incompat --crate-type lib --emit=dep-info,metadata,link -C embed-bitcode=no -C debuginfo=2 --warn=unexpected_cfgs --check-cfg 'cfg(alloc_c_string)' --check-cfg 'cfg(alloc_ffi)' --check-cfg 'cfg(apple)' --check-cfg 'cfg(asm_experimental_arch)' --check-cfg 'cfg(bsd)' --check-cfg 'cfg(core_c_str)' --check-cfg 'cfg(core_ffi_c)' --check-cfg 'cfg(core_intrinsics)' --check-cfg 'cfg(criterion)' --check-cfg 'cfg(document_experimental_runtime_api)' --check-cfg 'cfg(error_in_core)' --check-cfg 'cfg(fix_y2038)' --check-cfg 'cfg(freebsdlike)' --check-cfg 'cfg(libc)' --check-cfg 'cfg(linux_kernel)' --check-cfg 'cfg(linux_like)' --check-cfg 'cfg(linux_raw)' --check-cfg 'cfg(linux_raw_dep)' --check-cfg 'cfg(lower_upper_exp_for_non_zero)' --check-cfg 'cfg(sanitize_memory)' --check-cfg 'cfg(netbsdlike)' --check-cfg 'cfg(rustc_attrs)' --check-cfg 'cfg(rustc_diagnostics)' --check-cfg 'cfg(solarish)' --check-cfg 'cfg(staged_api)' --check-cfg 'cfg(static_assertions)' --check-cfg 'cfg(thumb_mode)' --check-cfg 'cfg(wasi)' --check-cfg 'cfg(wasi_ext)' --check-cfg 'cfg(wasip2)' --check-cfg 'cfg(target_arch, values("xtensa"))' --check-cfg 'cfg(target_os, values("cygwin"))' --cfg 'feature="alloc"' --cfg 'feature="std"' --cfg 'feature="stdio"' --cfg 'feature="termios"' --check-cfg 'cfg(docsrs,test)' --check-cfg 'cfg(feature, values("all-apis", "alloc", "core", "default", "event", "fs", "io_uring", "libc", "libc_errno", "linux_4_11", "linux_5_1", "linux_5_11", "linux_latest", "mm", "mount", "net", "param", "pipe", "process", "pty", "rand", "runtime", "rustc-dep-of-std", "rustc-std-workspace-alloc", "shm", "std", "stdio", "system", "termios", "thread", "time", "try_close", "use-explicitly-provided-auxv", "use-libc", "use-libc-auxv"))' -C metadata=4d3c5a749015267b -C extra-filename=-6199d1b4f92f6ac8 --out-dir /tmp/cargo-mutants-app-5Mc7Jj.tmp/target/debug/deps -L dependency=/tmp/cargo-mutants-app-5Mc7Jj.tmp/target/debug/deps --extern bitflags=/tmp/cargo-mutants-app-5Mc7Jj.tmp/target/debug/deps/libbitflags-0144bb6c22e03480.rmeta --extern linux_raw_sys=/tmp/cargo-mutants-app-5Mc7Jj.tmp/target/debug/deps/liblinux_raw_sys-6bfc7af018e90c25.rmeta --cap-lints allow --cfg static_assertions --cfg lower_upper_exp_for_non_zero --cfg rustc_diagnostics --cfg linux_raw_dep --cfg linux_raw --cfg linux_like --cfg linux_kernel`
   Compiling zstd-safe v7.2.4
     Running `/home/jules/.rustup/toolchains/stable-x86_64-unknown-linux-gnu/bin/rustc --crate-name build_script_build --edition=2018 /home/jules/.cargo/registry/src/index.crates.io-1949cf8c6b5b557f/zstd-safe-7.2.4/build.rs --error-format=json --json=diagnostic-rendered-ansi,artifacts,future-incompat --crate-type bin --emit=dep-info,link -C embed-bitcode=no --allow=non_upper_case_globals --cfg 'feature="arrays"' --cfg 'feature="legacy"' --cfg 'feature="std"' --cfg 'feature="zdict_builder"' --check-cfg 'cfg(docsrs,test)' --check-cfg 'cfg(feature, values("arrays", "bindgen", "debug", "default", "doc-cfg", "experimental", "fat-lto", "legacy", "no_asm", "pkg-config", "seekable", "std", "thin", "thin-lto", "zdict_builder", "zstdmt"))' -C metadata=e0639d5a3f213aa6 -C extra-filename=-4e3515eeb412dbd5 --out-dir /tmp/cargo-mutants-app-5Mc7Jj.tmp/target/debug/build/zstd-safe-4e3515eeb412dbd5 -L dependency=/tmp/cargo-mutants-app-5Mc7Jj.tmp/target/debug/deps --cap-lints allow`
   Compiling document-features v0.2.12
     Running `/home/jules/.rustup/toolchains/stable-x86_64-unknown-linux-gnu/bin/rustc --crate-name document_features --edition=2018 /home/jules/.cargo/registry/src/index.crates.io-1949cf8c6b5b557f/document-features-0.2.12/lib.rs --error-format=json --json=diagnostic-rendered-ansi,artifacts,future-incompat --crate-type proc-macro --emit=dep-info,link -C prefer-dynamic -C embed-bitcode=no --cfg 'feature="default"' --check-cfg 'cfg(docsrs,test)' --check-cfg 'cfg(feature, values("default", "self-test"))' -C metadata=862a1468fafc528f -C extra-filename=-fec4fde053197295 --out-dir /tmp/cargo-mutants-app-5Mc7Jj.tmp/target/debug/deps -L dependency=/tmp/cargo-mutants-app-5Mc7Jj.tmp/target/debug/deps --extern litrs=/tmp/cargo-mutants-app-5Mc7Jj.tmp/target/debug/deps/liblitrs-a07789e6698f91af.rlib --extern proc_macro --cap-lints allow`
   Compiling alloc-no-stdlib v2.0.4
     Running `/home/jules/.rustup/toolchains/stable-x86_64-unknown-linux-gnu/bin/rustc --crate-name alloc_no_stdlib --edition=2015 /home/jules/.cargo/registry/src/index.crates.io-1949cf8c6b5b557f/alloc-no-stdlib-2.0.4/src/lib.rs --error-format=json --json=diagnostic-rendered-ansi,artifacts,future-incompat --crate-type lib --emit=dep-info,metadata,link -C embed-bitcode=no -C debuginfo=2 --check-cfg 'cfg(docsrs,test)' --check-cfg 'cfg(feature, values("unsafe"))' -C metadata=a2000c252ea6eed3 -C extra-filename=-dc4050a33b28d2ac --out-dir /tmp/cargo-mutants-app-5Mc7Jj.tmp/target/debug/deps -L dependency=/tmp/cargo-mutants-app-5Mc7Jj.tmp/target/debug/deps --cap-lints allow`
   Compiling unicode-width v0.2.2
     Running `/home/jules/.rustup/toolchains/stable-x86_64-unknown-linux-gnu/bin/rustc --crate-name unicode_width --edition=2021 /home/jules/.cargo/registry/src/index.crates.io-1949cf8c6b5b557f/unicode-width-0.2.2/src/lib.rs --error-format=json --json=diagnostic-rendered-ansi,artifacts,future-incompat --crate-type lib --emit=dep-info,metadata,link -C embed-bitcode=no -C debuginfo=2 --cfg 'feature="cjk"' --cfg 'feature="default"' --check-cfg 'cfg(docsrs,test)' --check-cfg 'cfg(feature, values("cjk", "core", "default", "no_std", "rustc-dep-of-std", "std"))' -C metadata=9b801b53d02b89c5 -C extra-filename=-e271a6c187fd2070 --out-dir /tmp/cargo-mutants-app-5Mc7Jj.tmp/target/debug/deps -L dependency=/tmp/cargo-mutants-app-5Mc7Jj.tmp/target/debug/deps --cap-lints allow`
   Compiling unicode-segmentation v1.12.0
     Running `/home/jules/.rustup/toolchains/stable-x86_64-unknown-linux-gnu/bin/rustc --crate-name unicode_segmentation --edition=2018 /home/jules/.cargo/registry/src/index.crates.io-1949cf8c6b5b557f/unicode-segmentation-1.12.0/src/lib.rs --error-format=json --json=diagnostic-rendered-ansi,artifacts,future-incompat --crate-type lib --emit=dep-info,metadata,link -C embed-bitcode=no -C debuginfo=2 --check-cfg 'cfg(docsrs,test)' --check-cfg 'cfg(feature, values("no_std"))' -C metadata=c89f0c17dece495c -C extra-filename=-6fcabf051155db38 --out-dir /tmp/cargo-mutants-app-5Mc7Jj.tmp/target/debug/deps -L dependency=/tmp/cargo-mutants-app-5Mc7Jj.tmp/target/debug/deps --cap-lints allow`
   Compiling alloc-stdlib v0.2.2
     Running `/home/jules/.rustup/toolchains/stable-x86_64-unknown-linux-gnu/bin/rustc --crate-name alloc_stdlib --edition=2015 /home/jules/.cargo/registry/src/index.crates.io-1949cf8c6b5b557f/alloc-stdlib-0.2.2/src/lib.rs --error-format=json --json=diagnostic-rendered-ansi,artifacts,future-incompat --crate-type lib --emit=dep-info,metadata,link -C embed-bitcode=no -C debuginfo=2 --check-cfg 'cfg(docsrs,test)' --check-cfg 'cfg(feature, values("unsafe"))' -C metadata=b2b8138e4cd04b59 -C extra-filename=-104dfc3a0579220e --out-dir /tmp/cargo-mutants-app-5Mc7Jj.tmp/target/debug/deps -L dependency=/tmp/cargo-mutants-app-5Mc7Jj.tmp/target/debug/deps --extern alloc_no_stdlib=/tmp/cargo-mutants-app-5Mc7Jj.tmp/target/debug/deps/liballoc_no_stdlib-dc4050a33b28d2ac.rmeta --cap-lints allow`
     Running `/tmp/cargo-mutants-app-5Mc7Jj.tmp/target/debug/build/polars-core-78fa6a143ab2bdbb/build-script-build`
     Running `/tmp/cargo-mutants-app-5Mc7Jj.tmp/target/debug/build/lz4-sys-ec7523e319b45fcc/build-script-build`
   Compiling crossterm v0.29.0
     Running `/home/jules/.rustup/toolchains/stable-x86_64-unknown-linux-gnu/bin/rustc --crate-name crossterm --edition=2021 /home/jules/.cargo/registry/src/index.crates.io-1949cf8c6b5b557f/crossterm-0.29.0/src/lib.rs --error-format=json --json=diagnostic-rendered-ansi,artifacts,future-incompat --crate-type lib --emit=dep-info,metadata,link -C embed-bitcode=no -C debuginfo=2 --check-cfg 'cfg(docsrs,test)' --check-cfg 'cfg(feature, values("bracketed-paste", "default", "derive-more", "event-stream", "events", "filedescriptor", "libc", "osc52", "serde", "use-dev-tty", "windows"))' -C metadata=fb1a1284287b352d -C extra-filename=-8eead427315aa114 --out-dir /tmp/cargo-mutants-app-5Mc7Jj.tmp/target/debug/deps -L dependency=/tmp/cargo-mutants-app-5Mc7Jj.tmp/target/debug/deps --extern bitflags=/tmp/cargo-mutants-app-5Mc7Jj.tmp/target/debug/deps/libbitflags-0144bb6c22e03480.rmeta --extern document_features=/tmp/cargo-mutants-app-5Mc7Jj.tmp/target/debug/deps/libdocument_features-fec4fde053197295.so --extern parking_lot=/tmp/cargo-mutants-app-5Mc7Jj.tmp/target/debug/deps/libparking_lot-caf10ce81377775b.rmeta --extern rustix=/tmp/cargo-mutants-app-5Mc7Jj.tmp/target/debug/deps/librustix-6199d1b4f92f6ac8.rmeta --cap-lints allow`
   Compiling hashbrown v0.14.5
     Running `/home/jules/.rustup/toolchains/stable-x86_64-unknown-linux-gnu/bin/rustc --crate-name hashbrown --edition=2021 /home/jules/.cargo/registry/src/index.crates.io-1949cf8c6b5b557f/hashbrown-0.14.5/src/lib.rs --error-format=json --json=diagnostic-rendered-ansi,artifacts,future-incompat --crate-type lib --emit=dep-info,metadata,link -C embed-bitcode=no -C debuginfo=2 --cfg 'feature="ahash"' --cfg 'feature="allocator-api2"' --cfg 'feature="default"' --cfg 'feature="inline-more"' --cfg 'feature="rayon"' --cfg 'feature="serde"' --check-cfg 'cfg(docsrs,test)' --check-cfg 'cfg(feature, values("ahash", "alloc", "allocator-api2", "compiler_builtins", "core", "default", "equivalent", "inline-more", "nightly", "raw", "rayon", "rkyv", "rustc-dep-of-std", "rustc-internal-api", "serde"))' -C metadata=7dd2b4b35eb576cb -C extra-filename=-685b084826ddaae8 --out-dir /tmp/cargo-mutants-app-5Mc7Jj.tmp/target/debug/deps -L dependency=/tmp/cargo-mutants-app-5Mc7Jj.tmp/target/debug/deps --extern ahash=/tmp/cargo-mutants-app-5Mc7Jj.tmp/target/debug/deps/libahash-be8fba9f84919843.rmeta --extern allocator_api2=/tmp/cargo-mutants-app-5Mc7Jj.tmp/target/debug/deps/liballocator_api2-ef64a8b778a4d7bb.rmeta --extern rayon=/tmp/cargo-mutants-app-5Mc7Jj.tmp/target/debug/deps/librayon-c6f9b3718461f2f0.rmeta --extern serde=/tmp/cargo-mutants-app-5Mc7Jj.tmp/target/debug/deps/libserde-70a5bd18eecd04f2.rmeta --cap-lints allow`
   Compiling comfy-table v7.2.2
     Running `/home/jules/.rustup/toolchains/stable-x86_64-unknown-linux-gnu/bin/rustc --crate-name comfy_table --edition=2024 /home/jules/.cargo/registry/src/index.crates.io-1949cf8c6b5b557f/comfy-table-7.2.2/src/lib.rs --error-format=json --json=diagnostic-rendered-ansi,artifacts,future-incompat --crate-type lib --emit=dep-info,metadata,link -C embed-bitcode=no -C debuginfo=2 --cfg 'feature="tty"' --check-cfg 'cfg(docsrs,test)' --check-cfg 'cfg(feature, values("_debug", "_integration_test", "custom_styling", "default", "reexport_crossterm", "tty"))' -C metadata=6771129727355300 -C extra-filename=-e77fce40ceba892e --out-dir /tmp/cargo-mutants-app-5Mc7Jj.tmp/target/debug/deps -L dependency=/tmp/cargo-mutants-app-5Mc7Jj.tmp/target/debug/deps --extern crossterm=/tmp/cargo-mutants-app-5Mc7Jj.tmp/target/debug/deps/libcrossterm-8eead427315aa114.rmeta --extern unicode_segmentation=/tmp/cargo-mutants-app-5Mc7Jj.tmp/target/debug/deps/libunicode_segmentation-6fcabf051155db38.rmeta --extern unicode_width=/tmp/cargo-mutants-app-5Mc7Jj.tmp/target/debug/deps/libunicode_width-e271a6c187fd2070.rmeta --cap-lints allow`
   Compiling polars-ops v0.46.0
     Running `/home/jules/.rustup/toolchains/stable-x86_64-unknown-linux-gnu/bin/rustc --crate-name build_script_build --edition=2021 /home/jules/.cargo/registry/src/index.crates.io-1949cf8c6b5b557f/polars-ops-0.46.0/build.rs --error-format=json --json=diagnostic-rendered-ansi,artifacts,future-incompat --crate-type bin --emit=dep-info,link -C embed-bitcode=no --cfg 'feature="dtype-date"' --cfg 'feature="dtype-datetime"' --cfg 'feature="dtype-duration"' --check-cfg 'cfg(docsrs,test)' --check-cfg 'cfg(feature, values("abs", "aho-corasick", "approx_unique", "array_any_all", "array_count", "array_to_struct", "asof_join", "base64", "big_idx", "binary_encoding", "bitwise", "business", "chrono", "chrono-tz", "chunked_ids", "cov", "cross_join", "cum_agg", "cutqcut", "diff", "dtype-array", "dtype-categorical", "dtype-date", "dtype-datetime", "dtype-decimal", "dtype-duration", "dtype-i128", "dtype-i16", "dtype-i8", "dtype-struct", "dtype-time", "dtype-u16", "dtype-u8", "ewma", "ewma_by", "extract_groups", "extract_jsonpath", "find_many", "fused", "gather", "hash", "hex", "hist", "iejoin", "index_of", "interpolate", "interpolate_by", "is_between", "is_first_distinct", "is_in", "is_last_distinct", "is_unique", "jsonpath_lib", "list_any_all", "list_count", "list_drop_nulls", "list_gather", "list_sample", "list_sets", "list_to_struct", "log", "merge_sorted", "mode", "moment", "nightly", "object", "pct_change", "peaks", "performant", "pivot", "polars-json", "propagate_nans", "rand", "rand_distr", "random", "rank", "reinterpret", "repeat_by", "replace", "rle", "rolling_window", "rolling_window_by", "round_series", "search_sorted", "semi_anti_join", "serde", "serde_json", "simd", "string_encoding", "string_normalize", "string_pad", "string_reverse", "string_to_integer", "strings", "timezones", "to_dummies", "top_k", "unicode-normalization", "unicode-reverse", "unique_counts"))' -C metadata=6fb0154d7f637d94 -C extra-filename=-12ec40381d4ccaf9 --out-dir /tmp/cargo-mutants-app-5Mc7Jj.tmp/target/debug/build/polars-ops-12ec40381d4ccaf9 -L dependency=/tmp/cargo-mutants-app-5Mc7Jj.tmp/target/debug/deps --extern version_check=/tmp/cargo-mutants-app-5Mc7Jj.tmp/target/debug/deps/libversion_check-e67c589c3c1ced77.rlib --cap-lints allow`
   Compiling snap v1.1.1
     Running `/home/jules/.rustup/toolchains/stable-x86_64-unknown-linux-gnu/bin/rustc --crate-name build_script_build --edition=2018 /home/jules/.cargo/registry/src/index.crates.io-1949cf8c6b5b557f/snap-1.1.1/build.rs --error-format=json --json=diagnostic-rendered-ansi,artifacts,future-incompat --crate-type bin --emit=dep-info,link -C embed-bitcode=no --check-cfg 'cfg(docsrs,test)' --check-cfg 'cfg(feature, values())' -C metadata=5aaf367bc10d7989 -C extra-filename=-fb427fd689288a77 --out-dir /tmp/cargo-mutants-app-5Mc7Jj.tmp/target/debug/build/snap-fb427fd689288a77 -L dependency=/tmp/cargo-mutants-app-5Mc7Jj.tmp/target/debug/deps --cap-lints allow`
   Compiling xxhash-rust v0.8.15
     Running `/home/jules/.rustup/toolchains/stable-x86_64-unknown-linux-gnu/bin/rustc --crate-name xxhash_rust --edition=2018 /home/jules/.cargo/registry/src/index.crates.io-1949cf8c6b5b557f/xxhash-rust-0.8.15/src/lib.rs --error-format=json --json=diagnostic-rendered-ansi,artifacts,future-incompat --crate-type lib --emit=dep-info,metadata,link -C embed-bitcode=no -C debuginfo=2 --cfg 'feature="xxh3"' --check-cfg 'cfg(docsrs,test)' --check-cfg 'cfg(feature, values("const_xxh3", "const_xxh32", "const_xxh64", "std", "xxh3", "xxh32", "xxh64"))' -C metadata=d3d0e1c4a92f0ba1 -C extra-filename=-e181d7ea28b55752 --out-dir /tmp/cargo-mutants-app-5Mc7Jj.tmp/target/debug/deps -L dependency=/tmp/cargo-mutants-app-5Mc7Jj.tmp/target/debug/deps --cap-lints allow`
     Running `/tmp/cargo-mutants-app-5Mc7Jj.tmp/target/debug/build/snap-fb427fd689288a77/build-script-build`
     Running `/tmp/cargo-mutants-app-5Mc7Jj.tmp/target/debug/build/polars-ops-12ec40381d4ccaf9/build-script-build`
   Compiling brotli-decompressor v4.0.3
     Running `/home/jules/.rustup/toolchains/stable-x86_64-unknown-linux-gnu/bin/rustc --crate-name brotli_decompressor --edition=2015 /home/jules/.cargo/registry/src/index.crates.io-1949cf8c6b5b557f/brotli-decompressor-4.0.3/src/lib.rs --error-format=json --json=diagnostic-rendered-ansi,artifacts,future-incompat --crate-type lib --emit=dep-info,metadata,link -C embed-bitcode=no -C debuginfo=2 --cfg 'feature="alloc-stdlib"' --cfg 'feature="std"' --check-cfg 'cfg(docsrs,test)' --check-cfg 'cfg(feature, values("alloc-stdlib", "benchmark", "default", "disable-timer", "ffi-api", "pass-through-ffi-panics", "seccomp", "std", "unsafe"))' -C metadata=f840943f79b9c496 -C extra-filename=-ba7b56e573968f18 --out-dir /tmp/cargo-mutants-app-5Mc7Jj.tmp/target/debug/deps -L dependency=/tmp/cargo-mutants-app-5Mc7Jj.tmp/target/debug/deps --extern alloc_no_stdlib=/tmp/cargo-mutants-app-5Mc7Jj.tmp/target/debug/deps/liballoc_no_stdlib-dc4050a33b28d2ac.rmeta --extern alloc_stdlib=/tmp/cargo-mutants-app-5Mc7Jj.tmp/target/debug/deps/liballoc_stdlib-104dfc3a0579220e.rmeta --cap-lints allow`
   Compiling argminmax v0.6.3
     Running `/home/jules/.rustup/toolchains/stable-x86_64-unknown-linux-gnu/bin/rustc --crate-name argminmax --edition=2021 /home/jules/.cargo/registry/src/index.crates.io-1949cf8c6b5b557f/argminmax-0.6.3/src/lib.rs --error-format=json --json=diagnostic-rendered-ansi,artifacts,future-incompat --crate-type lib --emit=dep-info,metadata,link -C embed-bitcode=no -C debuginfo=2 --cfg 'feature="float"' --check-cfg 'cfg(docsrs,test)' --check-cfg 'cfg(feature, values("arrow", "arrow2", "default", "float", "half", "ndarray", "nightly_simd"))' -C metadata=f83caa31d7ca88dd -C extra-filename=-b5e38afab6a2f513 --out-dir /tmp/cargo-mutants-app-5Mc7Jj.tmp/target/debug/deps -L dependency=/tmp/cargo-mutants-app-5Mc7Jj.tmp/target/debug/deps --extern num_traits=/tmp/cargo-mutants-app-5Mc7Jj.tmp/target/debug/deps/libnum_traits-316037dbacd03ba5.rmeta --cap-lints allow`
     Running `/home/jules/.rustup/toolchains/stable-x86_64-unknown-linux-gnu/bin/rustc --crate-name polars_arrow --edition=2021 /home/jules/.cargo/registry/src/index.crates.io-1949cf8c6b5b557f/polars-arrow-0.46.0/src/lib.rs --error-format=json --json=diagnostic-rendered-ansi,artifacts,future-incompat --crate-type lib --emit=dep-info,metadata,link -C embed-bitcode=no -C debuginfo=2 --cfg 'feature="arrow-format"' --cfg 'feature="chrono-tz"' --cfg 'feature="compute"' --cfg 'feature="compute_aggregate"' --cfg 'feature="compute_arithmetics"' --cfg 'feature="compute_arithmetics_decimal"' --cfg 'feature="compute_bitwise"' --cfg 'feature="compute_boolean"' --cfg 'feature="compute_boolean_kleene"' --cfg 'feature="compute_comparison"' --cfg 'feature="compute_temporal"' --cfg 'feature="io_ipc"' --cfg 'feature="strength_reduce"' --cfg 'feature="temporal"' --check-cfg 'cfg(docsrs,test)' --check-cfg 'cfg(feature, values("arrow-format", "async-stream", "atoi_simd", "avro-schema", "bigidx", "chrono-tz", "compute", "compute_aggregate", "compute_arithmetics", "compute_arithmetics_decimal", "compute_bitwise", "compute_boolean", "compute_boolean_kleene", "compute_comparison", "compute_temporal", "default", "dtype-array", "dtype-decimal", "fast-float2", "full", "futures", "hex", "indexmap", "io_avro", "io_avro_async", "io_avro_compression", "io_flight", "io_ipc", "io_ipc_compression", "itoa", "lz4", "nightly", "performant", "regex", "regex-syntax", "ryu", "serde", "simd", "strength_reduce", "strings", "temporal", "timezones", "tokio", "zstd"))' -C metadata=1fb0a6ca42b68aef -C extra-filename=-1507eadb4ba74837 --out-dir /tmp/cargo-mutants-app-5Mc7Jj.tmp/target/debug/deps -L dependency=/tmp/cargo-mutants-app-5Mc7Jj.tmp/target/debug/deps --extern ahash=/tmp/cargo-mutants-app-5Mc7Jj.tmp/target/debug/deps/libahash-be8fba9f84919843.rmeta --extern bytemuck=/tmp/cargo-mutants-app-5Mc7Jj.tmp/target/debug/deps/libbytemuck-e8d55e7d8cdd09e7.rmeta --extern chrono=/tmp/cargo-mutants-app-5Mc7Jj.tmp/target/debug/deps/libchrono-08cab49df96f7b7e.rmeta --extern chrono_tz=/tmp/cargo-mutants-app-5Mc7Jj.tmp/target/debug/deps/libchrono_tz-9abd5f6564aa07b8.rmeta --extern dyn_clone=/tmp/cargo-mutants-app-5Mc7Jj.tmp/target/debug/deps/libdyn_clone-6cf057c9bc75974d.rmeta --extern either=/tmp/cargo-mutants-app-5Mc7Jj.tmp/target/debug/deps/libeither-151add888343a204.rmeta --extern ethnum=/tmp/cargo-mutants-app-5Mc7Jj.tmp/target/debug/deps/libethnum-f5ff94aad093a730.rmeta --extern hashbrown=/tmp/cargo-mutants-app-5Mc7Jj.tmp/target/debug/deps/libhashbrown-3e65625f637b5acf.rmeta --extern num_traits=/tmp/cargo-mutants-app-5Mc7Jj.tmp/target/debug/deps/libnum_traits-316037dbacd03ba5.rmeta --extern parking_lot=/tmp/cargo-mutants-app-5Mc7Jj.tmp/target/debug/deps/libparking_lot-caf10ce81377775b.rmeta --extern arrow_format=/tmp/cargo-mutants-app-5Mc7Jj.tmp/target/debug/deps/libpolars_arrow_format-90b1e0fd2e3529b4.rmeta --extern polars_error=/tmp/cargo-mutants-app-5Mc7Jj.tmp/target/debug/deps/libpolars_error-ff0e30f3a91e7e44.rmeta --extern polars_schema=/tmp/cargo-mutants-app-5Mc7Jj.tmp/target/debug/deps/libpolars_schema-db335cca34fffe50.rmeta --extern polars_utils=/tmp/cargo-mutants-app-5Mc7Jj.tmp/target/debug/deps/libpolars_utils-3a993b1ba33bfbfa.rmeta --extern simdutf8=/tmp/cargo-mutants-app-5Mc7Jj.tmp/target/debug/deps/libsimdutf8-fa3f5a8fb46df626.rmeta --extern streaming_iterator=/tmp/cargo-mutants-app-5Mc7Jj.tmp/target/debug/deps/libstreaming_iterator-577fa8ea60a40ff4.rmeta --extern strength_reduce=/tmp/cargo-mutants-app-5Mc7Jj.tmp/target/debug/deps/libstrength_reduce-5883a26c62a92091.rmeta --extern strum_macros=/tmp/cargo-mutants-app-5Mc7Jj.tmp/target/debug/deps/libstrum_macros-686be64c8f6c7ac5.so --cap-lints allow -L native=/tmp/cargo-mutants-app-5Mc7Jj.tmp/target/debug/build/psm-1a7be8e56d046b88/out`
   Compiling logos-import v0.1.0 (/tmp/cargo-mutants-app-5Mc7Jj.tmp/crates/logos-import)
     Running `/home/jules/.rustup/toolchains/stable-x86_64-unknown-linux-gnu/bin/rustc --crate-name logos_import --edition=2024 crates/logos-import/src/lib.rs --error-format=json --json=diagnostic-rendered-ansi,artifacts,future-incompat --crate-type lib --emit=dep-info,metadata,link -C embed-bitcode=no -C debuginfo=2 --warn=unsafe_code '--warn=clippy::pedantic' '--warn=clippy::nursery' '--warn=clippy::all' --check-cfg 'cfg(docsrs,test)' --check-cfg 'cfg(feature, values())' -C metadata=c80bad1143fc27e7 -C extra-filename=-e4eb1dd54273a69f --out-dir /tmp/cargo-mutants-app-5Mc7Jj.tmp/target/debug/deps -C incremental=/tmp/cargo-mutants-app-5Mc7Jj.tmp/target/debug/incremental -L dependency=/tmp/cargo-mutants-app-5Mc7Jj.tmp/target/debug/deps --extern logos_core=/tmp/cargo-mutants-app-5Mc7Jj.tmp/target/debug/deps/liblogos_core-f89c9004a240b03f.rmeta`
   Compiling aletheiadb v0.1.0 (/tmp/gallifreydb)
     Running `/home/jules/.rustup/toolchains/stable-x86_64-unknown-linux-gnu/bin/rustc --crate-name aletheiadb --edition=2021 /tmp/gallifreydb/src/lib.rs --error-format=json --json=diagnostic-rendered-ansi,artifacts,future-incompat --crate-type lib --emit=dep-info,metadata,link -C embed-bitcode=no -C debuginfo=2 --check-cfg 'cfg(docsrs,test)' --check-cfg 'cfg(feature, values())' -C metadata=6f62c3bbe6880245 -C extra-filename=-2eb0ad0b07846afd --out-dir /tmp/cargo-mutants-app-5Mc7Jj.tmp/target/debug/deps -C incremental=/tmp/cargo-mutants-app-5Mc7Jj.tmp/target/debug/incremental -L dependency=/tmp/cargo-mutants-app-5Mc7Jj.tmp/target/debug/deps`
   Compiling zlib-rs v0.6.0
     Running `/home/jules/.rustup/toolchains/stable-x86_64-unknown-linux-gnu/bin/rustc --crate-name zlib_rs --edition=2021 /home/jules/.cargo/registry/src/index.crates.io-1949cf8c6b5b557f/zlib-rs-0.6.0/src/lib.rs --error-format=json --json=diagnostic-rendered-ansi,artifacts,future-incompat --crate-type lib --emit=dep-info,metadata,link -C embed-bitcode=no -C debuginfo=2 --deny=unsafe_op_in_unsafe_fn --cfg 'feature="rust-allocator"' --cfg 'feature="std"' --check-cfg 'cfg(docsrs,test)' --check-cfg 'cfg(feature, values("ZLIB_DEBUG", "__internal-api", "__internal-fuzz", "__internal-fuzz-disable-checksum", "__internal-test", "arbitrary", "avx512", "c-allocator", "default", "quickcheck", "rust-allocator", "std", "vpclmulqdq"))' -C metadata=b1fde538074e5697 -C extra-filename=-205018084476f1c3 --out-dir /tmp/cargo-mutants-app-5Mc7Jj.tmp/target/debug/deps -L dependency=/tmp/cargo-mutants-app-5Mc7Jj.tmp/target/debug/deps --cap-lints allow`
   Compiling fallible-streaming-iterator v0.1.9
     Running `/home/jules/.rustup/toolchains/stable-x86_64-unknown-linux-gnu/bin/rustc --crate-name fallible_streaming_iterator --edition=2015 /home/jules/.cargo/registry/src/index.crates.io-1949cf8c6b5b557f/fallible-streaming-iterator-0.1.9/src/lib.rs --error-format=json --json=diagnostic-rendered-ansi,artifacts,future-incompat --crate-type lib --emit=dep-info,metadata,link -C embed-bitcode=no -C debuginfo=2 --check-cfg 'cfg(docsrs,test)' --check-cfg 'cfg(feature, values("std"))' -C metadata=8842b80f4f79aa9f -C extra-filename=-02992360d78d28e2 --out-dir /tmp/cargo-mutants-app-5Mc7Jj.tmp/target/debug/deps -L dependency=/tmp/cargo-mutants-app-5Mc7Jj.tmp/target/debug/deps --cap-lints allow`
   Compiling streaming-decompression v0.1.2
     Running `/home/jules/.rustup/toolchains/stable-x86_64-unknown-linux-gnu/bin/rustc --crate-name streaming_decompression --edition=2018 /home/jules/.cargo/registry/src/index.crates.io-1949cf8c6b5b557f/streaming-decompression-0.1.2/src/lib.rs --error-format=json --json=diagnostic-rendered-ansi,artifacts,future-incompat --crate-type lib --emit=dep-info,metadata,link -C embed-bitcode=no -C debuginfo=2 --check-cfg 'cfg(docsrs,test)' --check-cfg 'cfg(feature, values())' -C metadata=fd74b056fc73ed5f -C extra-filename=-2a02b91bd5b128f7 --out-dir /tmp/cargo-mutants-app-5Mc7Jj.tmp/target/debug/deps -L dependency=/tmp/cargo-mutants-app-5Mc7Jj.tmp/target/debug/deps --extern fallible_streaming_iterator=/tmp/cargo-mutants-app-5Mc7Jj.tmp/target/debug/deps/libfallible_streaming_iterator-02992360d78d28e2.rmeta --cap-lints allow`
   Compiling brotli v7.0.0
     Running `/home/jules/.rustup/toolchains/stable-x86_64-unknown-linux-gnu/bin/rustc --crate-name brotli --edition=2015 /home/jules/.cargo/registry/src/index.crates.io-1949cf8c6b5b557f/brotli-7.0.0/src/lib.rs --error-format=json --json=diagnostic-rendered-ansi,artifacts,future-incompat --crate-type lib --emit=dep-info,metadata,link -C embed-bitcode=no -C debuginfo=2 --cfg 'feature="alloc-stdlib"' --cfg 'feature="default"' --cfg 'feature="std"' --check-cfg 'cfg(docsrs,test)' --check-cfg 'cfg(feature, values("alloc-stdlib", "benchmark", "billing", "default", "disable-timer", "disallow_large_window_size", "external-literal-probability", "ffi-api", "float64", "floating_point_context_mixing", "no-stdlib-ffi-binding", "pass-through-ffi-panics", "seccomp", "sha2", "simd", "std", "validation", "vector_scratch_space"))' -C metadata=69d3cf73444effce -C extra-filename=-6debe27f4685a0fc --out-dir /tmp/cargo-mutants-app-5Mc7Jj.tmp/target/debug/deps -L dependency=/tmp/cargo-mutants-app-5Mc7Jj.tmp/target/debug/deps --extern alloc_no_stdlib=/tmp/cargo-mutants-app-5Mc7Jj.tmp/target/debug/deps/liballoc_no_stdlib-dc4050a33b28d2ac.rmeta --extern alloc_stdlib=/tmp/cargo-mutants-app-5Mc7Jj.tmp/target/debug/deps/liballoc_stdlib-104dfc3a0579220e.rmeta --extern brotli_decompressor=/tmp/cargo-mutants-app-5Mc7Jj.tmp/target/debug/deps/libbrotli_decompressor-ba7b56e573968f18.rmeta --cap-lints allow`
   Compiling flate2 v1.1.9
     Running `/home/jules/.rustup/toolchains/stable-x86_64-unknown-linux-gnu/bin/rustc --crate-name flate2 --edition=2018 /home/jules/.cargo/registry/src/index.crates.io-1949cf8c6b5b557f/flate2-1.1.9/src/lib.rs --error-format=json --json=diagnostic-rendered-ansi,artifacts,future-incompat --crate-type lib --emit=dep-info,metadata,link -C embed-bitcode=no -C debuginfo=2 --cfg 'feature="any_impl"' --cfg 'feature="any_zlib"' --cfg 'feature="zlib-rs"' --check-cfg 'cfg(docsrs,test)' --check-cfg 'cfg(feature, values("any_c_zlib", "any_impl", "any_zlib", "cloudflare-zlib-sys", "cloudflare_zlib", "default", "document-features", "libz-ng-sys", "libz-sys", "miniz-sys", "miniz_oxide", "rust_backend", "zlib", "zlib-default", "zlib-ng", "zlib-ng-compat", "zlib-rs"))' -C metadata=a9357b8d8843e43c -C extra-filename=-9587f5500eb7fa47 --out-dir /tmp/cargo-mutants-app-5Mc7Jj.tmp/target/debug/deps -L dependency=/tmp/cargo-mutants-app-5Mc7Jj.tmp/target/debug/deps --extern zlib_rs=/tmp/cargo-mutants-app-5Mc7Jj.tmp/target/debug/deps/libzlib_rs-205018084476f1c3.rmeta --cap-lints allow`
     Running `/home/jules/.rustup/toolchains/stable-x86_64-unknown-linux-gnu/bin/rustc --crate-name snap --edition=2018 /home/jules/.cargo/registry/src/index.crates.io-1949cf8c6b5b557f/snap-1.1.1/src/lib.rs --error-format=json --json=diagnostic-rendered-ansi,artifacts,future-incompat --crate-type lib --emit=dep-info,metadata,link -C embed-bitcode=no -C debuginfo=2 --check-cfg 'cfg(docsrs,test)' --check-cfg 'cfg(feature, values())' -C metadata=392eec9117fa7ca6 -C extra-filename=-f2c900cb0096e875 --out-dir /tmp/cargo-mutants-app-5Mc7Jj.tmp/target/debug/deps -L dependency=/tmp/cargo-mutants-app-5Mc7Jj.tmp/target/debug/deps --cap-lints allow`
   Compiling now v0.1.3
     Running `/home/jules/.rustup/toolchains/stable-x86_64-unknown-linux-gnu/bin/rustc --crate-name now --edition=2018 /home/jules/.cargo/registry/src/index.crates.io-1949cf8c6b5b557f/now-0.1.3/src/lib.rs --error-format=json --json=diagnostic-rendered-ansi,artifacts,future-incompat --crate-type lib --emit=dep-info,metadata,link -C embed-bitcode=no -C debuginfo=2 --check-cfg 'cfg(docsrs,test)' --check-cfg 'cfg(feature, values())' -C metadata=2fd3d2558cfaa374 -C extra-filename=-210e3dc115fae703 --out-dir /tmp/cargo-mutants-app-5Mc7Jj.tmp/target/debug/deps -L dependency=/tmp/cargo-mutants-app-5Mc7Jj.tmp/target/debug/deps --extern chrono=/tmp/cargo-mutants-app-5Mc7Jj.tmp/target/debug/deps/libchrono-08cab49df96f7b7e.rmeta --cap-lints allow`
   Compiling polars-parquet-format v0.1.0
     Running `/home/jules/.rustup/toolchains/stable-x86_64-unknown-linux-gnu/bin/rustc --crate-name polars_parquet_format --edition=2021 /home/jules/.cargo/registry/src/index.crates.io-1949cf8c6b5b557f/polars-parquet-format-0.1.0/src/lib.rs --error-format=json --json=diagnostic-rendered-ansi,artifacts,future-incompat --crate-type lib --emit=dep-info,metadata,link -C embed-bitcode=no -C debuginfo=2 --check-cfg 'cfg(docsrs,test)' --check-cfg 'cfg(feature, values("async", "async-trait", "futures"))' -C metadata=8240a6940504f005 -C extra-filename=-79c9fd03f9ea7bd3 --out-dir /tmp/cargo-mutants-app-5Mc7Jj.tmp/target/debug/deps -L dependency=/tmp/cargo-mutants-app-5Mc7Jj.tmp/target/debug/deps --cap-lints allow`
   Compiling base64 v0.22.1
     Running `/home/jules/.rustup/toolchains/stable-x86_64-unknown-linux-gnu/bin/rustc --crate-name base64 --edition=2018 /home/jules/.cargo/registry/src/index.crates.io-1949cf8c6b5b557f/base64-0.22.1/src/lib.rs --error-format=json --json=diagnostic-rendered-ansi,artifacts,future-incompat --crate-type lib --emit=dep-info,metadata,link -C embed-bitcode=no -C debuginfo=2 --cfg 'feature="alloc"' --cfg 'feature="default"' --cfg 'feature="std"' --check-cfg 'cfg(docsrs,test)' --check-cfg 'cfg(feature, values("alloc", "default", "std"))' -C metadata=5dfde4b87f3a4613 -C extra-filename=-a0ae250d5b0f8047 --out-dir /tmp/cargo-mutants-app-5Mc7Jj.tmp/target/debug/deps -L dependency=/tmp/cargo-mutants-app-5Mc7Jj.tmp/target/debug/deps --cap-lints allow`
     Running `/home/jules/.rustup/toolchains/stable-x86_64-unknown-linux-gnu/bin/rustc --crate-name polars_compute --edition=2021 /home/jules/.cargo/registry/src/index.crates.io-1949cf8c6b5b557f/polars-compute-0.46.0/src/lib.rs --error-format=json --json=diagnostic-rendered-ansi,artifacts,future-incompat --crate-type lib --emit=dep-info,metadata,link -C embed-bitcode=no -C debuginfo=2 --cfg 'feature="approx_unique"' --cfg 'feature="cast"' --cfg 'feature="gather"' --check-cfg 'cfg(docsrs,test)' --check-cfg 'cfg(feature, values("approx_unique", "cast", "dtype-array", "dtype-decimal", "dtype-i128", "gather", "nightly", "simd"))' -C metadata=546590583d789004 -C extra-filename=-55fe99de1bbcb6e7 --out-dir /tmp/cargo-mutants-app-5Mc7Jj.tmp/target/debug/deps -L dependency=/tmp/cargo-mutants-app-5Mc7Jj.tmp/target/debug/deps --extern atoi_simd=/tmp/cargo-mutants-app-5Mc7Jj.tmp/target/debug/deps/libatoi_simd-8039380c3913b30b.rmeta --extern bytemuck=/tmp/cargo-mutants-app-5Mc7Jj.tmp/target/debug/deps/libbytemuck-e8d55e7d8cdd09e7.rmeta --extern chrono=/tmp/cargo-mutants-app-5Mc7Jj.tmp/target/debug/deps/libchrono-08cab49df96f7b7e.rmeta --extern either=/tmp/cargo-mutants-app-5Mc7Jj.tmp/target/debug/deps/libeither-151add888343a204.rmeta --extern fast_float2=/tmp/cargo-mutants-app-5Mc7Jj.tmp/target/debug/deps/libfast_float2-1c03c02ed39c0bba.rmeta --extern itoa=/tmp/cargo-mutants-app-5Mc7Jj.tmp/target/debug/deps/libitoa-4cc2b507f1665552.rmeta --extern num_traits=/tmp/cargo-mutants-app-5Mc7Jj.tmp/target/debug/deps/libnum_traits-316037dbacd03ba5.rmeta --extern arrow=/tmp/cargo-mutants-app-5Mc7Jj.tmp/target/debug/deps/libpolars_arrow-1507eadb4ba74837.rmeta --extern polars_error=/tmp/cargo-mutants-app-5Mc7Jj.tmp/target/debug/deps/libpolars_error-ff0e30f3a91e7e44.rmeta --extern polars_utils=/tmp/cargo-mutants-app-5Mc7Jj.tmp/target/debug/deps/libpolars_utils-3a993b1ba33bfbfa.rmeta --extern ryu=/tmp/cargo-mutants-app-5Mc7Jj.tmp/target/debug/deps/libryu-6ef78f0276eea702.rmeta --extern strength_reduce=/tmp/cargo-mutants-app-5Mc7Jj.tmp/target/debug/deps/libstrength_reduce-5883a26c62a92091.rmeta --cap-lints allow -L native=/tmp/cargo-mutants-app-5Mc7Jj.tmp/target/debug/build/psm-1a7be8e56d046b88/out`
   Compiling logos-store-aletheia v0.1.0 (/tmp/cargo-mutants-app-5Mc7Jj.tmp/crates/logos-store-aletheia)
     Running `/home/jules/.rustup/toolchains/stable-x86_64-unknown-linux-gnu/bin/rustc --crate-name logos_store_aletheia --edition=2024 crates/logos-store-aletheia/src/lib.rs --error-format=json --json=diagnostic-rendered-ansi,artifacts,future-incompat --crate-type lib --emit=dep-info,metadata,link -C embed-bitcode=no -C debuginfo=2 --warn=unsafe_code '--warn=clippy::pedantic' '--warn=clippy::nursery' '--warn=clippy::all' --check-cfg 'cfg(docsrs,test)' --check-cfg 'cfg(feature, values())' -C metadata=b84edec5b8ffa2d7 -C extra-filename=-c56d4cf63b54fcbd --out-dir /tmp/cargo-mutants-app-5Mc7Jj.tmp/target/debug/deps -C incremental=/tmp/cargo-mutants-app-5Mc7Jj.tmp/target/debug/incremental -L dependency=/tmp/cargo-mutants-app-5Mc7Jj.tmp/target/debug/deps --extern aletheiadb=/tmp/cargo-mutants-app-5Mc7Jj.tmp/target/debug/deps/libaletheiadb-2eb0ad0b07846afd.rmeta --extern logos_core=/tmp/cargo-mutants-app-5Mc7Jj.tmp/target/debug/deps/liblogos_core-f89c9004a240b03f.rmeta`
error[E0432]: unresolved imports `aletheiadb::AletheiaDB`, `aletheiadb::AletheiaDBConfig`, `aletheiadb::DurabilityMode`, `aletheiadb::Edge`, `aletheiadb::Node`, `aletheiadb::NodeId`, `aletheiadb::PropertyMapBuilder`, `aletheiadb::Timestamp`, `aletheiadb::WalConfigBuilder`, `aletheiadb::WriteOps`
 --> crates/logos-store-aletheia/src/lib.rs:7:5
  |
7 |     AletheiaDB, AletheiaDBConfig, DurabilityMode, Edge, Node, NodeId, PropertyMapBuilder,
  |     ^^^^^^^^^^  ^^^^^^^^^^^^^^^^  ^^^^^^^^^^^^^^  ^^^^  ^^^^  ^^^^^^  ^^^^^^^^^^^^^^^^^^ no `PropertyMapBuilder` in the root
  |     |           |                 |               |     |     |
  |     |           |                 |               |     |     no `NodeId` in the root
  |     |           |                 |               |     no `Node` in the root
  |     |           |                 |               no `Edge` in the root
  |     |           |                 no `DurabilityMode` in the root
  |     |           no `AletheiaDBConfig` in the root
  |     no `AletheiaDB` in the root
8 |     Timestamp, WalConfigBuilder, WriteOps,
  |     ^^^^^^^^^  ^^^^^^^^^^^^^^^^  ^^^^^^^^ no `WriteOps` in the root
  |     |          |
  |     |          no `WalConfigBuilder` in the root
  |     no `Timestamp` in the root

error[E0432]: unresolved imports `aletheiadb::Timestamp`, `aletheiadb::time`
 --> crates/logos-store-aletheia/src/model.rs:1:18
  |
1 | use aletheiadb::{Timestamp, time};
  |                  ^^^^^^^^^  ^^^^ no `time` in the root
  |                  |
  |                  no `Timestamp` in the root
  |
  = help: consider importing this unresolved item through its public re-export instead:
          crate::Timestamp
  = help: consider importing this module instead:
          std::time

error[E0432]: unresolved imports `aletheiadb::AletheiaDB`, `aletheiadb::EdgeId`, `aletheiadb::Error`, `aletheiadb::Node`, `aletheiadb::NodeId`, `aletheiadb::StorageError`, `aletheiadb::TemporalError`, `aletheiadb::Timestamp`
 --> crates/logos-store-aletheia/src/read.rs:4:5
  |
4 |     AletheiaDB, EdgeId, Error as DbError, Node, NodeId, StorageError, TemporalError, Timestamp,
  |     ^^^^^^^^^^  ^^^^^^  ^^^^^^^^^^^^^^^^  ^^^^  ^^^^^^  ^^^^^^^^^^^^  ^^^^^^^^^^^^^  ^^^^^^^^^ no `Timestamp` in the root
  |     |           |       |                 |     |       |             |
  |     |           |       |                 |     |       |             no `TemporalError` in the root
  |     |           |       |                 |     |       no `StorageError` in the root
  |     |           |       |                 |     no `NodeId` in the root
  |     |           |       |                 no `Node` in the root
  |     |           |       no `Error` in the root
  |     |           no `EdgeId` in the root
  |     no `AletheiaDB` in the root
  |
  = help: consider importing this unresolved item through its public re-export instead:
          crate::AletheiaDB
  = help: consider importing one of these items instead:
          crate::fmt::Error
          crate::fs::TryLockError::Error
          std::error::Error
          std::fmt::Error
          std::fs::TryLockError::Error
          std::io::Error
          core::error::Error
          core::fmt::Error
  = help: consider importing this unresolved item through its public re-export instead:
          crate::Node
  = help: consider importing this unresolved item through its public re-export instead:
          crate::NodeId
  = help: consider importing this unresolved item through its public re-export instead:
          crate::Timestamp

error[E0432]: unresolved import `aletheiadb::Timestamp`
 --> crates/logos-store-aletheia/src/write.rs:3:5
  |
3 | use aletheiadb::Timestamp;
  |     ^^^^^^^^^^^^^^^^^^^^^ no `Timestamp` in the root
  |
help: consider importing this unresolved item through its public re-export instead
  |
3 - use aletheiadb::Timestamp;
3 + use crate::Timestamp;
  |

error[E0433]: failed to resolve: could not find `PropertyValue` in `aletheiadb`
   --> crates/logos-store-aletheia/src/read.rs:381:31
    |
381 |         .and_then(aletheiadb::PropertyValue::as_int)
    |                               ^^^^^^^^^^^^^ could not find `PropertyValue` in `aletheiadb`

error[E0433]: failed to resolve: could not find `time` in `aletheiadb`
  --> crates/logos-store-aletheia/src/write.rs:39:66
   |
39 |         let effective_at = valid_from.unwrap_or_else(aletheiadb::time::now);
   |                                                                  ^^^^ could not find `time` in `aletheiadb`

error[E0433]: failed to resolve: could not find `time` in `aletheiadb`
   --> crates/logos-store-aletheia/src/write.rs:105:38
    |
105 |         let created_at = aletheiadb::time::now();
    |                                      ^^^^ could not find `time` in `aletheiadb`

error[E0433]: failed to resolve: could not find `time` in `aletheiadb`
   --> crates/logos-store-aletheia/src/write.rs:219:39
    |
219 |         let imported_at = aletheiadb::time::now();
    |                                       ^^^^ could not find `time` in `aletheiadb`

error[E0433]: failed to resolve: could not find `time` in `aletheiadb`
   --> crates/logos-store-aletheia/src/write.rs:337:38
    |
337 |         let created_at = aletheiadb::time::now();
    |                                      ^^^^ could not find `time` in `aletheiadb`

error[E0433]: failed to resolve: could not find `time` in `aletheiadb`
   --> crates/logos-store-aletheia/src/write.rs:426:38
    |
426 |         let created_at = aletheiadb::time::now();
    |                                      ^^^^ could not find `time` in `aletheiadb`

error[E0433]: failed to resolve: could not find `time` in `aletheiadb`
   --> crates/logos-store-aletheia/src/write.rs:445:37
    |
445 |         let closed_at = aletheiadb::time::now();
    |                                     ^^^^ could not find `time` in `aletheiadb`

error[E0433]: failed to resolve: could not find `time` in `aletheiadb`
   --> crates/logos-store-aletheia/src/write.rs:535:37
    |
535 |         let closed_at = aletheiadb::time::now();
    |                                     ^^^^ could not find `time` in `aletheiadb`

error[E0433]: failed to resolve: could not find `time` in `aletheiadb`
    --> crates/logos-store-aletheia/src/lib.rs:1156:38
     |
1156 |             .map_or_else(aletheiadb::time::now, Into::into);
     |                                      ^^^^ could not find `time` in `aletheiadb`

error[E0433]: failed to resolve: could not find `PropertyValue` in `aletheiadb`
    --> crates/logos-store-aletheia/src/lib.rs:2052:31
     |
2052 |         .and_then(aletheiadb::PropertyValue::as_int)
     |                               ^^^^^^^^^^^^^ could not find `PropertyValue` in `aletheiadb`

error[E0433]: failed to resolve: could not find `PropertyValue` in `aletheiadb`
    --> crates/logos-store-aletheia/src/lib.rs:2064:31
     |
2064 |         .and_then(aletheiadb::PropertyValue::as_int)
     |                               ^^^^^^^^^^^^^ could not find `PropertyValue` in `aletheiadb`

error[E0433]: failed to resolve: could not find `PropertyValue` in `aletheiadb`
    --> crates/logos-store-aletheia/src/lib.rs:2075:31
     |
2075 |         .and_then(aletheiadb::PropertyValue::as_int)
     |                               ^^^^^^^^^^^^^ could not find `PropertyValue` in `aletheiadb`

error[E0412]: cannot find type `Edge` in crate `aletheiadb`
   --> crates/logos-store-aletheia/src/read.rs:359:32
    |
359 | ) -> Result<Option<aletheiadb::Edge>, StoreError> {
    |                                ^^^^ not found in `aletheiadb`

error[E0412]: cannot find type `EdgeId` in crate `aletheiadb`
    --> crates/logos-store-aletheia/src/lib.rs:1550:26
     |
1550 |     edge_id: aletheiadb::EdgeId,
     |                          ^^^^^^ not found in `aletheiadb`

error[E0282]: type annotations needed
   --> crates/logos-store-aletheia/src/read.rs:281:12
    |
281 |         if edge.has_label_str(EDGE_SUPERSEDES) {
    |            ^^^^ cannot infer type

error[E0282]: type annotations needed
   --> crates/logos-store-aletheia/src/read.rs:306:13
    |
306 |         if !edge.has_label_str(EDGE_HAS_POSTING) {
    |             ^^^^ cannot infer type

error[E0282]: type annotations needed for `(_, {type error})`
    --> crates/logos-store-aletheia/src/lib.rs:1621:15
     |
1621 |         .map(|(txn_id, node_id)| (*node_id, txn_id.clone()))
     |               ^^^^^^^^^^^^^^^^^             ------ type must be known at this point
     |
help: consider giving this closure parameter an explicit type, where the placeholders `_` are specified
     |
1621 |         .map(|(txn_id, node_id): (_, _)| (*node_id, txn_id.clone()))
     |                                ++++++++

error[E0282]: type annotations needed
    --> crates/logos-store-aletheia/src/lib.rs:1681:25
     |
1681 |                         edge_txn_id.as_str()
     |                         ^^^^^^^^^^^ cannot infer type

error[E0282]: type annotations needed for `(_, {type error})`
    --> crates/logos-store-aletheia/src/lib.rs:1753:15
     |
1753 |         .map(|(txn_id, node_id)| (*node_id, txn_id.clone()))
     |               ^^^^^^^^^^^^^^^^^             ------ type must be known at this point
     |
help: consider giving this closure parameter an explicit type, where the placeholders `_` are specified
     |
1753 |         .map(|(txn_id, node_id): (_, _)| (*node_id, txn_id.clone()))
     |                                ++++++++

error[E0282]: type annotations needed for `(_, {type error})`
    --> crates/logos-store-aletheia/src/lib.rs:1757:15
     |
1757 |         .map(|(line_id, node_id)| (*node_id, line_id.clone()))
     |               ^^^^^^^^^^^^^^^^^^             ------- type must be known at this point
     |
help: consider giving this closure parameter an explicit type, where the placeholders `_` are specified
     |
1757 |         .map(|(line_id, node_id): (_, _)| (*node_id, line_id.clone()))
     |                                 ++++++++

error[E0282]: type annotations needed
    --> crates/logos-store-aletheia/src/lib.rs:1829:37
     |
1829 |             if !seen_txn_ids.insert(txn_id.as_str().to_owned()) {
     |                                     ^^^^^^ cannot infer type

error[E0282]: type annotations needed
    --> crates/logos-store-aletheia/src/lib.rs:1869:48
     |
1869 |             if !seen_statement_line_ids.insert(line_id.clone()) {
     |                                                ^^^^^^^ cannot infer type

error[E0282]: type annotations needed for `(_, {type error})`
    --> crates/logos-store-aletheia/src/lib.rs:1897:15
     |
1897 |         .map(|(run_id, node_id)| (*node_id, run_id.clone()))
     |               ^^^^^^^^^^^^^^^^^             ------ type must be known at this point
     |
help: consider giving this closure parameter an explicit type, where the placeholders `_` are specified
     |
1897 |         .map(|(run_id, node_id): (_, _)| (*node_id, run_id.clone()))
     |                                ++++++++

error[E0282]: type annotations needed for `(_, {type error})`
    --> crates/logos-store-aletheia/src/lib.rs:1901:15
     |
1901 |         .map(|(artifact_id, node_id)| (*node_id, artifact_id.clone()))
     |               ^^^^^^^^^^^^^^^^^^^^^^             ----------- type must be known at this point
     |
help: consider giving this closure parameter an explicit type, where the placeholders `_` are specified
     |
1901 |         .map(|(artifact_id, node_id): (_, _)| (*node_id, artifact_id.clone()))
     |                                     ++++++++

error[E0282]: type annotations needed
    --> crates/logos-store-aletheia/src/lib.rs:2023:20
     |
2023 |         .and_then(|value| value.as_str())
     |                    ^^^^^  ----- type must be known at this point
     |
help: consider giving this closure parameter an explicit type
     |
2023 |         .and_then(|value: /* Type */| value.as_str())
     |                         ++++++++++++

error[E0282]: type annotations needed
    --> crates/logos-store-aletheia/src/lib.rs:2069:20
     |
2069 |         .and_then(|value| value.as_str())
     |                    ^^^^^  ----- type must be known at this point
     |
help: consider giving this closure parameter an explicit type
     |
2069 |         .and_then(|value: /* Type */| value.as_str())
     |                         ++++++++++++

Some errors have detailed explanations: E0282, E0412, E0432, E0433.
For more information about an error, try `rustc --explain E0282`.
error: could not compile `logos-store-aletheia` (lib) due to 30 previous errors

Caused by:
  process didn't exit successfully: `/home/jules/.rustup/toolchains/stable-x86_64-unknown-linux-gnu/bin/rustc --crate-name logos_store_aletheia --edition=2024 crates/logos-store-aletheia/src/lib.rs --error-format=json --json=diagnostic-rendered-ansi,artifacts,future-incompat --crate-type lib --emit=dep-info,metadata,link -C embed-bitcode=no -C debuginfo=2 --warn=unsafe_code '--warn=clippy::pedantic' '--warn=clippy::nursery' '--warn=clippy::all' --check-cfg 'cfg(docsrs,test)' --check-cfg 'cfg(feature, values())' -C metadata=b84edec5b8ffa2d7 -C extra-filename=-c56d4cf63b54fcbd --out-dir /tmp/cargo-mutants-app-5Mc7Jj.tmp/target/debug/deps -C incremental=/tmp/cargo-mutants-app-5Mc7Jj.tmp/target/debug/incremental -L dependency=/tmp/cargo-mutants-app-5Mc7Jj.tmp/target/debug/deps --extern aletheiadb=/tmp/cargo-mutants-app-5Mc7Jj.tmp/target/debug/deps/libaletheiadb-2eb0ad0b07846afd.rmeta --extern logos_core=/tmp/cargo-mutants-app-5Mc7Jj.tmp/target/debug/deps/liblogos_core-f89c9004a240b03f.rmeta` (exit status: 1)
warning: build failed, waiting for other jobs to finish...

*** result: Failure(101)

ERROR cargo build failed in an unmutated tree, so no mutants were tested
